Timestamp,Instrument,Side,Quantity,Price
2022-11-01 09:15:00,NIFTY 2022-11-03 18150.0 CE,BUY,1,62.25
2022-11-01 09:15:00,NIFTY 2022-11-03 18150.0 PE,BUY,1,118.75
2022-11-01 09:15:00,BANKNIFTY 2022-11-03 41600.0 CE,BUY,1,242.0
2022-11-01 09:15:00,BANKNIFTY 2022-11-03 41600.0 PE,BUY,1,414.15
2022-11-01 09:15:40,BANKNIFTY 2022-11-03 41600.0 CE,SELL,1,264.8
2022-11-01 09:15:40,BANKNIFTY 2022-11-03 41600.0 PE,SELL,1,338.65
2022-11-01 09:15:40,BANKNIFTY 2022-11-03 41700.0 CE,BUY,1,219.95
2022-11-01 09:15:40,BANKNIFTY 2022-11-03 41700.0 PE,BUY,1,395.65
2022-11-01 09:15:58,BANKNIFTY 2022-11-03 41700.0 CE,SELL,1,216.15
2022-11-01 09:15:58,BANKNIFTY 2022-11-03 41700.0 PE,SELL,1,403.35
2022-11-01 09:15:58,BANKNIFTY 2022-11-03 41600.0 CE,BUY,1,263.25
2022-11-01 09:15:58,BANKNIFTY 2022-11-03 41600.0 PE,BUY,1,346.5
2022-11-01 09:16:01,BANKNIFTY 2022-11-03 41600.0 CE,SELL,1,255.75
2022-11-01 09:16:01,BANKNIFTY 2022-11-03 41600.0 PE,SELL,1,343.35
2022-11-01 09:16:01,BANKNIFTY 2022-11-03 41700.0 CE,BUY,1,210.05
2022-11-01 09:16:01,BANKNIFTY 2022-11-03 41700.0 PE,BUY,1,397.2
2022-11-01 09:16:02,BANKNIFTY 2022-11-03 41700.0 CE,SELL,1,212.55
2022-11-01 09:16:02,BANKNIFTY 2022-11-03 41700.0 PE,SELL,1,400.05
2022-11-01 09:16:02,BANKNIFTY 2022-11-03 41600.0 CE,BUY,1,258.3
2022-11-01 09:16:02,BANKNIFTY 2022-11-03 41600.0 PE,BUY,1,344.55
2022-11-01 09:16:07,BANKNIFTY 2022-11-03 41600.0 CE,SELL,1,261.45
2022-11-01 09:16:07,BANKNIFTY 2022-11-03 41600.0 PE,SELL,1,343.65
2022-11-01 09:16:07,BANKNIFTY 2022-11-03 41700.0 CE,BUY,1,214.15
2022-11-01 09:16:07,BANKNIFTY 2022-11-03 41700.0 PE,BUY,1,397.3
2022-11-01 09:16:09,BANKNIFTY 2022-11-03 41700.0 CE,SELL,1,215.15
2022-11-01 09:16:09,BANKNIFTY 2022-11-03 41700.0 PE,SELL,1,398.2
2022-11-01 09:16:09,BANKNIFTY 2022-11-03 41600.0 CE,BUY,1,261.2
2022-11-01 09:16:09,BANKNIFTY 2022-11-03 41600.0 PE,BUY,1,341.75
2022-11-01 09:16:11,BANKNIFTY 2022-11-03 41600.0 CE,SELL,1,258.55
2022-11-01 09:16:11,BANKNIFTY 2022-11-03 41600.0 PE,SELL,1,344.3
2022-11-01 09:16:11,BANKNIFTY 2022-11-03 41700.0 CE,BUY,1,214.95
2022-11-01 09:16:11,BANKNIFTY 2022-11-03 41700.0 PE,BUY,1,397.75
2022-11-01 09:16:12,BANKNIFTY 2022-11-03 41700.0 CE,SELL,1,212.75
2022-11-01 09:16:12,BANKNIFTY 2022-11-03 41700.0 PE,SELL,1,400.65
2022-11-01 09:16:12,BANKNIFTY 2022-11-03 41600.0 CE,BUY,1,258.6
2022-11-01 09:16:12,BANKNIFTY 2022-11-03 41600.0 PE,BUY,1,344.3
2022-11-01 09:16:14,BANKNIFTY 2022-11-03 41600.0 CE,SELL,1,259.15
2022-11-01 09:16:14,BANKNIFTY 2022-11-03 41600.0 PE,SELL,1,342.6
2022-11-01 09:16:14,BANKNIFTY 2022-11-03 41700.0 CE,BUY,1,213.85
2022-11-01 09:16:14,BANKNIFTY 2022-11-03 41700.0 PE,BUY,1,397.55
2022-11-01 09:16:17,BANKNIFTY 2022-11-03 41700.0 CE,SELL,1,211.85
2022-11-01 09:16:17,BANKNIFTY 2022-11-03 41700.0 PE,SELL,1,400.3
2022-11-01 09:16:17,BANKNIFTY 2022-11-03 41600.0 CE,BUY,1,258.1
2022-11-01 09:16:17,BANKNIFTY 2022-11-03 41600.0 PE,BUY,1,346.65
2022-11-01 09:16:19,BANKNIFTY 2022-11-03 41600.0 CE,SELL,1,258.5
2022-11-01 09:16:19,BANKNIFTY 2022-11-03 41600.0 PE,SELL,1,342.7
2022-11-01 09:16:19,BANKNIFTY 2022-11-03 41700.0 CE,BUY,1,213.9
2022-11-01 09:16:19,BANKNIFTY 2022-11-03 41700.0 PE,BUY,1,396.6
2022-11-01 09:16:25,BANKNIFTY 2022-11-03 41700.0 CE,SELL,1,212.2
2022-11-01 09:16:25,BANKNIFTY 2022-11-03 41700.0 PE,SELL,1,401.45
2022-11-01 09:16:25,BANKNIFTY 2022-11-03 41600.0 CE,BUY,1,257.75
2022-11-01 09:16:25,BANKNIFTY 2022-11-03 41600.0 PE,BUY,1,345.95
2022-11-01 09:31:57,BANKNIFTY 2022-11-03 41600.0 CE,SELL,1,251.95
2022-11-01 09:31:57,BANKNIFTY 2022-11-03 41600.0 PE,SELL,1,335.15
2022-11-01 09:31:57,BANKNIFTY 2022-11-03 41700.0 CE,BUY,1,204.7
2022-11-01 09:31:57,BANKNIFTY 2022-11-03 41700.0 PE,BUY,1,389.2
2022-11-01 09:32:00,BANKNIFTY 2022-11-03 41700.0 CE,SELL,1,205.7
2022-11-01 09:32:00,BANKNIFTY 2022-11-03 41700.0 PE,SELL,1,389.55
2022-11-01 09:32:00,BANKNIFTY 2022-11-03 41600.0 CE,BUY,1,250.45
2022-11-01 09:32:00,BANKNIFTY 2022-11-03 41600.0 PE,BUY,1,335.05
2022-11-01 09:32:08,BANKNIFTY 2022-11-03 41600.0 CE,SELL,1,252.5
2022-11-01 09:32:08,BANKNIFTY 2022-11-03 41600.0 PE,SELL,1,333.2
2022-11-01 09:32:08,BANKNIFTY 2022-11-03 41700.0 CE,BUY,1,206.2
2022-11-01 09:32:08,BANKNIFTY 2022-11-03 41700.0 PE,BUY,1,386.05
2022-11-01 09:32:13,BANKNIFTY 2022-11-03 41700.0 CE,SELL,1,205.95
2022-11-01 09:32:13,BANKNIFTY 2022-11-03 41700.0 PE,SELL,1,387.9
2022-11-01 09:32:13,BANKNIFTY 2022-11-03 41600.0 CE,BUY,1,251.95
2022-11-01 09:32:13,BANKNIFTY 2022-11-03 41600.0 PE,BUY,1,333.95
2022-11-01 09:32:25,BANKNIFTY 2022-11-03 41600.0 CE,SELL,1,252.8
2022-11-01 09:32:25,BANKNIFTY 2022-11-03 41600.0 PE,SELL,1,332.1
2022-11-01 09:32:25,BANKNIFTY 2022-11-03 41700.0 CE,BUY,1,206.15
2022-11-01 09:32:25,BANKNIFTY 2022-11-03 41700.0 PE,BUY,1,386.05
2022-11-01 09:33:00,BANKNIFTY 2022-11-03 41700.0 CE,SELL,1,203.75
2022-11-01 09:33:00,BANKNIFTY 2022-11-03 41700.0 PE,SELL,1,387.65
2022-11-01 09:33:00,BANKNIFTY 2022-11-03 41600.0 CE,BUY,1,250.8
2022-11-01 09:33:00,BANKNIFTY 2022-11-03 41600.0 PE,BUY,1,333.1
2022-11-01 09:33:01,BANKNIFTY 2022-11-03 41600.0 CE,SELL,1,252.1
2022-11-01 09:33:01,BANKNIFTY 2022-11-03 41600.0 PE,SELL,1,332.25
2022-11-01 09:33:01,BANKNIFTY 2022-11-03 41700.0 CE,BUY,1,204.45
2022-11-01 09:33:01,BANKNIFTY 2022-11-03 41700.0 PE,BUY,1,387.15
2022-11-01 09:34:27,BANKNIFTY 2022-11-03 41700.0 CE,SELL,1,204.3
2022-11-01 09:34:27,BANKNIFTY 2022-11-03 41700.0 PE,SELL,1,389.0
2022-11-01 09:34:27,BANKNIFTY 2022-11-03 41600.0 CE,BUY,1,250.55
2022-11-01 09:34:27,BANKNIFTY 2022-11-03 41600.0 PE,BUY,1,335.5
2022-11-01 09:35:05,BANKNIFTY 2022-11-03 41600.0 CE,SELL,1,253.05
2022-11-01 09:35:05,BANKNIFTY 2022-11-03 41600.0 PE,SELL,1,331.0
2022-11-01 09:35:05,BANKNIFTY 2022-11-03 41700.0 CE,BUY,1,206.85
2022-11-01 09:35:05,BANKNIFTY 2022-11-03 41700.0 PE,BUY,1,384.65
2022-11-01 09:35:13,BANKNIFTY 2022-11-03 41700.0 CE,SELL,1,201.9
2022-11-01 09:35:13,BANKNIFTY 2022-11-03 41700.0 PE,SELL,1,392.0
2022-11-01 09:35:13,BANKNIFTY 2022-11-03 41600.0 CE,BUY,1,248.6
2022-11-01 09:35:13,BANKNIFTY 2022-11-03 41600.0 PE,BUY,1,337.4
2022-11-01 09:40:22,BANKNIFTY 2022-11-03 41600.0 CE,SELL,1,252.95
2022-11-01 09:40:22,BANKNIFTY 2022-11-03 41600.0 PE,SELL,1,332.45
2022-11-01 09:40:22,BANKNIFTY 2022-11-03 41700.0 CE,BUY,1,205.95
2022-11-01 09:40:22,BANKNIFTY 2022-11-03 41700.0 PE,BUY,1,386.2
2022-11-01 09:46:03,BANKNIFTY 2022-11-03 41700.0 CE,SELL,1,261.0
2022-11-01 09:46:03,BANKNIFTY 2022-11-03 41700.0 PE,SELL,1,347.2
2022-11-01 09:46:03,BANKNIFTY 2022-11-03 41800.0 CE,BUY,1,215.85
2022-11-01 09:46:03,BANKNIFTY 2022-11-03 41800.0 PE,BUY,1,400.0
2022-11-01 09:48:41,NIFTY 2022-11-03 18150.0 CE,SELL,1,84.0
2022-11-01 09:48:41,NIFTY 2022-11-03 18150.0 PE,SELL,1,99.45
2022-11-01 09:48:41,NIFTY 2022-11-03 18200.0 CE,BUY,1,60.6
2022-11-01 09:48:41,NIFTY 2022-11-03 18200.0 PE,BUY,1,127.0
2022-11-01 09:56:35,NIFTY 2022-11-03 18200.0 CE,SELL,1,61.45
2022-11-01 09:56:35,NIFTY 2022-11-03 18200.0 PE,SELL,1,127.35
2022-11-01 09:56:35,NIFTY 2022-11-03 18150.0 CE,BUY,1,84.8
2022-11-01 09:56:35,NIFTY 2022-11-03 18150.0 PE,BUY,1,100.8
2022-11-01 09:56:36,NIFTY 2022-11-03 18150.0 CE,SELL,1,85.7
2022-11-01 09:56:36,NIFTY 2022-11-03 18150.0 PE,SELL,1,100.25
2022-11-01 09:56:36,NIFTY 2022-11-03 18200.0 CE,BUY,1,62.0
2022-11-01 09:56:36,NIFTY 2022-11-03 18200.0 PE,BUY,1,127.0
2022-11-01 10:23:40,BANKNIFTY 2022-11-03 41800.0 CE,SELL,1,212.15
2022-11-01 10:23:40,BANKNIFTY 2022-11-03 41800.0 PE,SELL,1,402.75
2022-11-01 10:23:40,BANKNIFTY 2022-11-03 41700.0 CE,BUY,1,258.3
2022-11-01 10:23:40,BANKNIFTY 2022-11-03 41700.0 PE,BUY,1,347.55
2022-11-01 10:24:31,BANKNIFTY 2022-11-03 41700.0 CE,SELL,1,258.6
2022-11-01 10:24:31,BANKNIFTY 2022-11-03 41700.0 PE,SELL,1,343.15
2022-11-01 10:24:31,BANKNIFTY 2022-11-03 41800.0 CE,BUY,1,213.75
2022-11-01 10:24:31,BANKNIFTY 2022-11-03 41800.0 PE,BUY,1,399.0
2022-11-01 10:24:39,BANKNIFTY 2022-11-03 41800.0 CE,SELL,1,212.15
2022-11-01 10:24:39,BANKNIFTY 2022-11-03 41800.0 PE,SELL,1,399.05
2022-11-01 10:24:39,BANKNIFTY 2022-11-03 41700.0 CE,BUY,1,257.75
2022-11-01 10:24:39,BANKNIFTY 2022-11-03 41700.0 PE,BUY,1,344.4
2022-11-01 10:25:19,BANKNIFTY 2022-11-03 41700.0 CE,SELL,1,259.25
2022-11-01 10:25:19,BANKNIFTY 2022-11-03 41700.0 PE,SELL,1,344.95
2022-11-01 10:25:19,BANKNIFTY 2022-11-03 41800.0 CE,BUY,1,214.25
2022-11-01 10:25:19,BANKNIFTY 2022-11-03 41800.0 PE,BUY,1,400.95
2022-11-01 10:25:22,BANKNIFTY 2022-11-03 41800.0 CE,SELL,1,214.05
2022-11-01 10:25:22,BANKNIFTY 2022-11-03 41800.0 PE,SELL,1,400.0
2022-11-01 10:25:22,BANKNIFTY 2022-11-03 41700.0 CE,BUY,1,259.4
2022-11-01 10:25:22,BANKNIFTY 2022-11-03 41700.0 PE,BUY,1,345.25
2022-11-01 10:25:25,BANKNIFTY 2022-11-03 41700.0 CE,SELL,1,258.85
2022-11-01 10:25:25,BANKNIFTY 2022-11-03 41700.0 PE,SELL,1,344.0
2022-11-01 10:25:25,BANKNIFTY 2022-11-03 41800.0 CE,BUY,1,214.5
2022-11-01 10:25:25,BANKNIFTY 2022-11-03 41800.0 PE,BUY,1,399.65
2022-11-01 10:25:35,BANKNIFTY 2022-11-03 41800.0 CE,SELL,1,212.9
2022-11-01 10:25:35,BANKNIFTY 2022-11-03 41800.0 PE,SELL,1,401.8
2022-11-01 10:25:35,BANKNIFTY 2022-11-03 41700.0 CE,BUY,1,257.2
2022-11-01 10:25:35,BANKNIFTY 2022-11-03 41700.0 PE,BUY,1,346.85
2022-11-01 10:25:36,BANKNIFTY 2022-11-03 41700.0 CE,SELL,1,259.0
2022-11-01 10:25:36,BANKNIFTY 2022-11-03 41700.0 PE,SELL,1,347.25
2022-11-01 10:25:36,BANKNIFTY 2022-11-03 41800.0 CE,BUY,1,214.0
2022-11-01 10:25:36,BANKNIFTY 2022-11-03 41800.0 PE,BUY,1,400.75
2022-11-01 10:25:38,BANKNIFTY 2022-11-03 41800.0 CE,SELL,1,214.1
2022-11-01 10:25:38,BANKNIFTY 2022-11-03 41800.0 PE,SELL,1,401.05
2022-11-01 10:25:38,BANKNIFTY 2022-11-03 41700.0 CE,BUY,1,258.65
2022-11-01 10:25:38,BANKNIFTY 2022-11-03 41700.0 PE,BUY,1,346.2
2022-11-01 10:25:51,BANKNIFTY 2022-11-03 41700.0 CE,SELL,1,259.1
2022-11-01 10:25:51,BANKNIFTY 2022-11-03 41700.0 PE,SELL,1,344.3
2022-11-01 10:25:51,BANKNIFTY 2022-11-03 41800.0 CE,BUY,1,214.7
2022-11-01 10:25:51,BANKNIFTY 2022-11-03 41800.0 PE,BUY,1,399.05
2022-11-01 10:25:53,BANKNIFTY 2022-11-03 41800.0 CE,SELL,1,214.75
2022-11-01 10:25:53,BANKNIFTY 2022-11-03 41800.0 PE,SELL,1,398.9
2022-11-01 10:25:53,BANKNIFTY 2022-11-03 41700.0 CE,BUY,1,259.45
2022-11-01 10:25:53,BANKNIFTY 2022-11-03 41700.0 PE,BUY,1,343.4
2022-11-01 10:25:55,BANKNIFTY 2022-11-03 41700.0 CE,SELL,1,259.55
2022-11-01 10:25:55,BANKNIFTY 2022-11-03 41700.0 PE,SELL,1,344.15
2022-11-01 10:25:55,BANKNIFTY 2022-11-03 41800.0 CE,BUY,1,214.55
2022-11-01 10:25:55,BANKNIFTY 2022-11-03 41800.0 PE,BUY,1,398.55
2022-11-01 10:26:05,BANKNIFTY 2022-11-03 41800.0 CE,SELL,1,212.2
2022-11-01 10:26:05,BANKNIFTY 2022-11-03 41800.0 PE,SELL,1,401.6
2022-11-01 10:26:05,BANKNIFTY 2022-11-03 41700.0 CE,BUY,1,257.1
2022-11-01 10:26:05,BANKNIFTY 2022-11-03 41700.0 PE,BUY,1,346.3
2022-11-01 10:26:07,BANKNIFTY 2022-11-03 41700.0 CE,SELL,1,257.5
2022-11-01 10:26:07,BANKNIFTY 2022-11-03 41700.0 PE,SELL,1,346.6
2022-11-01 10:26:07,BANKNIFTY 2022-11-03 41800.0 CE,BUY,1,211.85
2022-11-01 10:26:07,BANKNIFTY 2022-11-03 41800.0 PE,BUY,1,402.05
2022-11-01 10:26:08,BANKNIFTY 2022-11-03 41800.0 CE,SELL,1,213.1
2022-11-01 10:26:08,BANKNIFTY 2022-11-03 41800.0 PE,SELL,1,401.2
2022-11-01 10:26:08,BANKNIFTY 2022-11-03 41700.0 CE,BUY,1,257.5
2022-11-01 10:26:08,BANKNIFTY 2022-11-03 41700.0 PE,BUY,1,346.3
2022-11-01 10:26:11,BANKNIFTY 2022-11-03 41700.0 CE,SELL,1,257.9
2022-11-01 10:26:11,BANKNIFTY 2022-11-03 41700.0 PE,SELL,1,346.05
2022-11-01 10:26:11,BANKNIFTY 2022-11-03 41800.0 CE,BUY,1,212.85
2022-11-01 10:26:11,BANKNIFTY 2022-11-03 41800.0 PE,BUY,1,401.9
2022-11-01 10:26:15,BANKNIFTY 2022-11-03 41800.0 CE,SELL,1,212.15
2022-11-01 10:26:15,BANKNIFTY 2022-11-03 41800.0 PE,SELL,1,403.35
2022-11-01 10:26:15,BANKNIFTY 2022-11-03 41700.0 CE,BUY,1,256.3
2022-11-01 10:26:15,BANKNIFTY 2022-11-03 41700.0 PE,BUY,1,347.7
2022-11-01 10:29:10,BANKNIFTY 2022-11-03 41700.0 CE,SELL,1,259.0
2022-11-01 10:29:10,BANKNIFTY 2022-11-03 41700.0 PE,SELL,1,343.1
2022-11-01 10:29:10,BANKNIFTY 2022-11-03 41800.0 CE,BUY,1,214.15
2022-11-01 10:29:10,BANKNIFTY 2022-11-03 41800.0 PE,BUY,1,398.35
2022-11-01 10:30:05,BANKNIFTY 2022-11-03 41800.0 CE,SELL,1,211.0
2022-11-01 10:30:05,BANKNIFTY 2022-11-03 41800.0 PE,SELL,1,401.85
2022-11-01 10:30:05,BANKNIFTY 2022-11-03 41700.0 CE,BUY,1,255.75
2022-11-01 10:30:05,BANKNIFTY 2022-11-03 41700.0 PE,BUY,1,346.0
2022-11-01 10:30:36,BANKNIFTY 2022-11-03 41700.0 CE,SELL,1,260.2
2022-11-01 10:30:36,BANKNIFTY 2022-11-03 41700.0 PE,SELL,1,343.25
2022-11-01 10:30:36,BANKNIFTY 2022-11-03 41800.0 CE,BUY,1,215.3
2022-11-01 10:30:36,BANKNIFTY 2022-11-03 41800.0 PE,BUY,1,398.0
2022-11-01 10:30:59,BANKNIFTY 2022-11-03 41800.0 CE,SELL,1,211.2
2022-11-01 10:30:59,BANKNIFTY 2022-11-03 41800.0 PE,SELL,1,403.75
2022-11-01 10:30:59,BANKNIFTY 2022-11-03 41700.0 CE,BUY,1,255.55
2022-11-01 10:30:59,BANKNIFTY 2022-11-03 41700.0 PE,BUY,1,347.7
2022-11-01 10:37:03,BANKNIFTY 2022-11-03 41700.0 CE,SELL,1,255.0
2022-11-01 10:37:03,BANKNIFTY 2022-11-03 41700.0 PE,SELL,1,344.9
2022-11-01 10:37:03,BANKNIFTY 2022-11-03 41800.0 CE,BUY,1,210.5
2022-11-01 10:37:03,BANKNIFTY 2022-11-03 41800.0 PE,BUY,1,400.4
2022-11-01 10:37:14,BANKNIFTY 2022-11-03 41800.0 CE,SELL,1,208.25
2022-11-01 10:37:14,BANKNIFTY 2022-11-03 41800.0 PE,SELL,1,404.8
2022-11-01 10:37:14,BANKNIFTY 2022-11-03 41700.0 CE,BUY,1,253.2
2022-11-01 10:37:14,BANKNIFTY 2022-11-03 41700.0 PE,BUY,1,348.35
2022-11-01 10:40:16,BANKNIFTY 2022-11-03 41700.0 CE,SELL,1,256.2
2022-11-01 10:40:16,BANKNIFTY 2022-11-03 41700.0 PE,SELL,1,344.9
2022-11-01 10:40:16,BANKNIFTY 2022-11-03 41800.0 CE,BUY,1,211.6
2022-11-01 10:40:16,BANKNIFTY 2022-11-03 41800.0 PE,BUY,1,400.4
2022-11-01 11:57:44,BANKNIFTY 2022-11-03 41800.0 CE,SELL,1,199.85
2022-11-01 11:57:44,BANKNIFTY 2022-11-03 41800.0 PE,SELL,1,391.0
2022-11-01 11:57:44,BANKNIFTY 2022-11-03 41700.0 CE,BUY,1,244.85
2022-11-01 11:57:44,BANKNIFTY 2022-11-03 41700.0 PE,BUY,1,335.7
2022-11-01 11:57:53,BANKNIFTY 2022-11-03 41700.0 CE,SELL,1,246.65
2022-11-01 11:57:53,BANKNIFTY 2022-11-03 41700.0 PE,SELL,1,334.65
2022-11-01 11:57:53,BANKNIFTY 2022-11-03 41800.0 CE,BUY,1,201.45
2022-11-01 11:57:53,BANKNIFTY 2022-11-03 41800.0 PE,BUY,1,390.0
2022-11-01 11:57:55,BANKNIFTY 2022-11-03 41800.0 CE,SELL,1,200.35
2022-11-01 11:57:55,BANKNIFTY 2022-11-03 41800.0 PE,SELL,1,390.0
2022-11-01 11:57:55,BANKNIFTY 2022-11-03 41700.0 CE,BUY,1,245.6
2022-11-01 11:57:55,BANKNIFTY 2022-11-03 41700.0 PE,BUY,1,335.1
2022-11-01 11:57:57,BANKNIFTY 2022-11-03 41700.0 CE,SELL,1,245.75
2022-11-01 11:57:57,BANKNIFTY 2022-11-03 41700.0 PE,SELL,1,334.95
2022-11-01 11:57:57,BANKNIFTY 2022-11-03 41800.0 CE,BUY,1,200.65
2022-11-01 11:57:57,BANKNIFTY 2022-11-03 41800.0 PE,BUY,1,389.85
2022-11-01 11:58:02,BANKNIFTY 2022-11-03 41800.0 CE,SELL,1,200.4
2022-11-01 11:58:02,BANKNIFTY 2022-11-03 41800.0 PE,SELL,1,391.7
2022-11-01 11:58:02,BANKNIFTY 2022-11-03 41700.0 CE,BUY,1,244.95
2022-11-01 11:58:02,BANKNIFTY 2022-11-03 41700.0 PE,BUY,1,335.85
2022-11-01 11:58:12,BANKNIFTY 2022-11-03 41700.0 CE,SELL,1,246.15
2022-11-01 11:58:12,BANKNIFTY 2022-11-03 41700.0 PE,SELL,1,334.4
2022-11-01 11:58:12,BANKNIFTY 2022-11-03 41800.0 CE,BUY,1,201.35
2022-11-01 11:58:12,BANKNIFTY 2022-11-03 41800.0 PE,BUY,1,390.25
2022-11-01 11:58:13,BANKNIFTY 2022-11-03 41800.0 CE,SELL,1,202.1
2022-11-01 11:58:13,BANKNIFTY 2022-11-03 41800.0 PE,SELL,1,390.05
2022-11-01 11:58:13,BANKNIFTY 2022-11-03 41700.0 CE,BUY,1,246.15
2022-11-01 11:58:13,BANKNIFTY 2022-11-03 41700.0 PE,BUY,1,333.2
2022-11-01 11:58:15,BANKNIFTY 2022-11-03 41700.0 CE,SELL,1,247.7
2022-11-01 11:58:15,BANKNIFTY 2022-11-03 41700.0 PE,SELL,1,333.5
2022-11-01 11:58:15,BANKNIFTY 2022-11-03 41800.0 CE,BUY,1,202.1
2022-11-01 11:58:15,BANKNIFTY 2022-11-03 41800.0 PE,BUY,1,389.5
2022-11-01 11:58:19,BANKNIFTY 2022-11-03 41800.0 CE,SELL,1,201.8
2022-11-01 11:58:19,BANKNIFTY 2022-11-03 41800.0 PE,SELL,1,389.85
2022-11-01 11:58:19,BANKNIFTY 2022-11-03 41700.0 CE,BUY,1,247.1
2022-11-01 11:58:19,BANKNIFTY 2022-11-03 41700.0 PE,BUY,1,333.75
2022-11-01 11:58:21,BANKNIFTY 2022-11-03 41700.0 CE,SELL,1,246.75
2022-11-01 11:58:21,BANKNIFTY 2022-11-03 41700.0 PE,SELL,1,334.0
2022-11-01 11:58:21,BANKNIFTY 2022-11-03 41800.0 CE,BUY,1,201.75
2022-11-01 11:58:21,BANKNIFTY 2022-11-03 41800.0 PE,BUY,1,389.2
2022-11-01 11:58:22,BANKNIFTY 2022-11-03 41800.0 CE,SELL,1,201.55
2022-11-01 11:58:22,BANKNIFTY 2022-11-03 41800.0 PE,SELL,1,390.0
2022-11-01 11:58:22,BANKNIFTY 2022-11-03 41700.0 CE,BUY,1,247.25
2022-11-01 11:58:22,BANKNIFTY 2022-11-03 41700.0 PE,BUY,1,333.3
2022-11-01 11:58:25,BANKNIFTY 2022-11-03 41700.0 CE,SELL,1,247.45
2022-11-01 11:58:25,BANKNIFTY 2022-11-03 41700.0 PE,SELL,1,333.75
2022-11-01 11:58:25,BANKNIFTY 2022-11-03 41800.0 CE,BUY,1,202.1
2022-11-01 11:58:25,BANKNIFTY 2022-11-03 41800.0 PE,BUY,1,388.6
2022-11-01 11:58:50,BANKNIFTY 2022-11-03 41800.0 CE,SELL,1,200.8
2022-11-01 11:58:50,BANKNIFTY 2022-11-03 41800.0 PE,SELL,1,390.0
2022-11-01 11:58:50,BANKNIFTY 2022-11-03 41700.0 CE,BUY,1,246.3
2022-11-01 11:58:50,BANKNIFTY 2022-11-03 41700.0 PE,BUY,1,334.85
2022-11-01 11:58:53,BANKNIFTY 2022-11-03 41700.0 CE,SELL,1,247.5
2022-11-01 11:58:53,BANKNIFTY 2022-11-03 41700.0 PE,SELL,1,333.75
2022-11-01 11:58:53,BANKNIFTY 2022-11-03 41800.0 CE,BUY,1,201.9
2022-11-01 11:58:53,BANKNIFTY 2022-11-03 41800.0 PE,BUY,1,389.1
2022-11-01 11:59:47,BANKNIFTY 2022-11-03 41800.0 CE,SELL,1,201.5
2022-11-01 11:59:47,BANKNIFTY 2022-11-03 41800.0 PE,SELL,1,388.7
2022-11-01 11:59:47,BANKNIFTY 2022-11-03 41700.0 CE,BUY,1,246.65
2022-11-01 11:59:47,BANKNIFTY 2022-11-03 41700.0 PE,BUY,1,334.35
2022-11-01 11:59:56,BANKNIFTY 2022-11-03 41700.0 CE,SELL,1,245.0
2022-11-01 11:59:56,BANKNIFTY 2022-11-03 41700.0 PE,SELL,1,335.95
2022-11-01 11:59:56,BANKNIFTY 2022-11-03 41800.0 CE,BUY,1,199.95
2022-11-01 11:59:56,BANKNIFTY 2022-11-03 41800.0 PE,BUY,1,391.5
2022-11-01 11:59:58,BANKNIFTY 2022-11-03 41800.0 CE,SELL,1,199.5
2022-11-01 11:59:58,BANKNIFTY 2022-11-03 41800.0 PE,SELL,1,392.35
2022-11-01 11:59:58,BANKNIFTY 2022-11-03 41700.0 CE,BUY,1,244.85
2022-11-01 11:59:58,BANKNIFTY 2022-11-03 41700.0 PE,BUY,1,336.15
2022-11-01 12:15:59,BANKNIFTY 2022-11-03 41700.0 CE,SELL,1,204.6
2022-11-01 12:15:59,BANKNIFTY 2022-11-03 41700.0 PE,SELL,1,388.45
2022-11-01 12:15:59,BANKNIFTY 2022-11-03 41600.0 CE,BUY,1,250.35
2022-11-01 12:15:59,BANKNIFTY 2022-11-03 41600.0 PE,BUY,1,334.0
2022-11-01 12:16:01,NIFTY 2022-11-03 18200.0 CE,SELL,1,59.1
2022-11-01 12:16:01,NIFTY 2022-11-03 18200.0 PE,SELL,1,130.2
2022-11-01 12:16:01,NIFTY 2022-11-03 18150.0 CE,BUY,1,81.4
2022-11-01 12:16:01,NIFTY 2022-11-03 18150.0 PE,BUY,1,102.45
2022-11-01 12:16:15,NIFTY 2022-11-03 18150.0 CE,SELL,1,82.15
2022-11-01 12:16:15,NIFTY 2022-11-03 18150.0 PE,SELL,1,102.1
2022-11-01 12:16:15,NIFTY 2022-11-03 18200.0 CE,BUY,1,59.65
2022-11-01 12:16:15,NIFTY 2022-11-03 18200.0 PE,BUY,1,129.9
2022-11-01 12:16:17,NIFTY 2022-11-03 18200.0 CE,SELL,1,59.85
2022-11-01 12:16:17,NIFTY 2022-11-03 18200.0 PE,SELL,1,129.15
2022-11-01 12:16:17,NIFTY 2022-11-03 18150.0 CE,BUY,1,82.3
2022-11-01 12:16:17,NIFTY 2022-11-03 18150.0 PE,BUY,1,101.8
2022-11-01 12:16:18,NIFTY 2022-11-03 18150.0 CE,SELL,1,82.4
2022-11-01 12:16:18,NIFTY 2022-11-03 18150.0 PE,SELL,1,102.05
2022-11-01 12:16:18,NIFTY 2022-11-03 18200.0 CE,BUY,1,60.0
2022-11-01 12:16:18,NIFTY 2022-11-03 18200.0 PE,BUY,1,129.35
2022-11-01 12:16:52,BANKNIFTY 2022-11-03 41600.0 CE,SELL,1,248.85
2022-11-01 12:16:52,BANKNIFTY 2022-11-03 41600.0 PE,SELL,1,335.1
2022-11-01 12:16:52,BANKNIFTY 2022-11-03 41700.0 CE,BUY,1,203.6
2022-11-01 12:16:52,BANKNIFTY 2022-11-03 41700.0 PE,BUY,1,390.65
2022-11-01 12:16:53,BANKNIFTY 2022-11-03 41700.0 CE,SELL,1,203.0
2022-11-01 12:16:53,BANKNIFTY 2022-11-03 41700.0 PE,SELL,1,390.9
2022-11-01 12:16:53,BANKNIFTY 2022-11-03 41600.0 CE,BUY,1,249.05
2022-11-01 12:16:53,BANKNIFTY 2022-11-03 41600.0 PE,BUY,1,335.1
2022-11-01 12:17:10,BANKNIFTY 2022-11-03 41600.0 CE,SELL,1,249.15
2022-11-01 12:17:10,BANKNIFTY 2022-11-03 41600.0 PE,SELL,1,333.85
2022-11-01 12:17:10,BANKNIFTY 2022-11-03 41700.0 CE,BUY,1,204.0
2022-11-01 12:17:10,BANKNIFTY 2022-11-03 41700.0 PE,BUY,1,389.85
2022-11-01 12:17:12,BANKNIFTY 2022-11-03 41700.0 CE,SELL,1,202.25
2022-11-01 12:17:12,BANKNIFTY 2022-11-03 41700.0 PE,SELL,1,391.05
2022-11-01 12:17:12,BANKNIFTY 2022-11-03 41600.0 CE,BUY,1,247.6
2022-11-01 12:17:12,BANKNIFTY 2022-11-03 41600.0 PE,BUY,1,335.05
2022-11-01 12:17:13,BANKNIFTY 2022-11-03 41600.0 CE,SELL,1,247.95
2022-11-01 12:17:13,BANKNIFTY 2022-11-03 41600.0 PE,SELL,1,335.35
2022-11-01 12:17:13,BANKNIFTY 2022-11-03 41700.0 CE,BUY,1,203.05
2022-11-01 12:17:13,BANKNIFTY 2022-11-03 41700.0 PE,BUY,1,390.4
2022-11-01 12:17:15,BANKNIFTY 2022-11-03 41700.0 CE,SELL,1,202.15
2022-11-01 12:17:15,BANKNIFTY 2022-11-03 41700.0 PE,SELL,1,390.95
2022-11-01 12:17:15,BANKNIFTY 2022-11-03 41600.0 CE,BUY,1,248.85
2022-11-01 12:17:15,BANKNIFTY 2022-11-03 41600.0 PE,BUY,1,335.8
2022-11-01 12:17:30,BANKNIFTY 2022-11-03 41600.0 CE,SELL,1,251.0
2022-11-01 12:17:30,BANKNIFTY 2022-11-03 41600.0 PE,SELL,1,330.0
2022-11-01 12:17:30,BANKNIFTY 2022-11-03 41700.0 CE,BUY,1,205.55
2022-11-01 12:17:30,BANKNIFTY 2022-11-03 41700.0 PE,BUY,1,385.85
2022-11-01 12:17:53,BANKNIFTY 2022-11-03 41700.0 CE,SELL,1,202.25
2022-11-01 12:17:53,BANKNIFTY 2022-11-03 41700.0 PE,SELL,1,390.0
2022-11-01 12:17:53,BANKNIFTY 2022-11-03 41600.0 CE,BUY,1,247.65
2022-11-01 12:17:53,BANKNIFTY 2022-11-03 41600.0 PE,BUY,1,334.6
2022-11-01 12:17:56,BANKNIFTY 2022-11-03 41600.0 CE,SELL,1,247.0
2022-11-01 12:17:56,BANKNIFTY 2022-11-03 41600.0 PE,SELL,1,334.2
2022-11-01 12:17:56,BANKNIFTY 2022-11-03 41700.0 CE,BUY,1,201.95
2022-11-01 12:17:56,BANKNIFTY 2022-11-03 41700.0 PE,BUY,1,389.95
2022-11-01 12:17:58,BANKNIFTY 2022-11-03 41700.0 CE,SELL,1,202.85
2022-11-01 12:17:58,BANKNIFTY 2022-11-03 41700.0 PE,SELL,1,389.8
2022-11-01 12:17:58,BANKNIFTY 2022-11-03 41600.0 CE,BUY,1,247.8
2022-11-01 12:17:58,BANKNIFTY 2022-11-03 41600.0 PE,BUY,1,333.25
2022-11-01 12:17:59,BANKNIFTY 2022-11-03 41600.0 CE,SELL,1,248.8
2022-11-01 12:17:59,BANKNIFTY 2022-11-03 41600.0 PE,SELL,1,334.25
2022-11-01 12:17:59,BANKNIFTY 2022-11-03 41700.0 CE,BUY,1,203.0
2022-11-01 12:17:59,BANKNIFTY 2022-11-03 41700.0 PE,BUY,1,388.75
2022-11-01 12:18:03,BANKNIFTY 2022-11-03 41700.0 CE,SELL,1,202.1
2022-11-01 12:18:03,BANKNIFTY 2022-11-03 41700.0 PE,SELL,1,389.95
2022-11-01 12:18:03,BANKNIFTY 2022-11-03 41600.0 CE,BUY,1,246.8
2022-11-01 12:18:03,BANKNIFTY 2022-11-03 41600.0 PE,BUY,1,336.0
2022-11-01 12:19:58,BANKNIFTY 2022-11-03 41600.0 CE,SELL,1,248.7
2022-11-01 12:19:58,BANKNIFTY 2022-11-03 41600.0 PE,SELL,1,334.05
2022-11-01 12:19:58,BANKNIFTY 2022-11-03 41700.0 CE,BUY,1,202.6
2022-11-01 12:19:58,BANKNIFTY 2022-11-03 41700.0 PE,BUY,1,389.8
2022-11-01 12:20:02,BANKNIFTY 2022-11-03 41700.0 CE,SELL,1,202.3
2022-11-01 12:20:02,BANKNIFTY 2022-11-03 41700.0 PE,SELL,1,389.6
2022-11-01 12:20:02,BANKNIFTY 2022-11-03 41600.0 CE,BUY,1,247.5
2022-11-01 12:20:02,BANKNIFTY 2022-11-03 41600.0 PE,BUY,1,335.1
2022-11-01 12:20:08,BANKNIFTY 2022-11-03 41600.0 CE,SELL,1,248.0
2022-11-01 12:20:08,BANKNIFTY 2022-11-03 41600.0 PE,SELL,1,334.65
2022-11-01 12:20:08,BANKNIFTY 2022-11-03 41700.0 CE,BUY,1,201.85
2022-11-01 12:20:08,BANKNIFTY 2022-11-03 41700.0 PE,BUY,1,388.7
2022-11-01 12:20:12,BANKNIFTY 2022-11-03 41700.0 CE,SELL,1,204.3
2022-11-01 12:20:12,BANKNIFTY 2022-11-03 41700.0 PE,SELL,1,385.6
2022-11-01 12:20:12,BANKNIFTY 2022-11-03 41600.0 CE,BUY,1,250.0
2022-11-01 12:20:12,BANKNIFTY 2022-11-03 41600.0 PE,BUY,1,331.65
2022-11-01 12:20:13,BANKNIFTY 2022-11-03 41600.0 CE,SELL,1,249.6
2022-11-01 12:20:13,BANKNIFTY 2022-11-03 41600.0 PE,SELL,1,330.95
2022-11-01 12:20:13,BANKNIFTY 2022-11-03 41700.0 CE,BUY,1,203.85
2022-11-01 12:20:13,BANKNIFTY 2022-11-03 41700.0 PE,BUY,1,385.5
2022-11-01 12:20:15,BANKNIFTY 2022-11-03 41700.0 CE,SELL,1,204.75
2022-11-01 12:20:15,BANKNIFTY 2022-11-03 41700.0 PE,SELL,1,385.0
2022-11-01 12:20:15,BANKNIFTY 2022-11-03 41600.0 CE,BUY,1,250.15
2022-11-01 12:20:15,BANKNIFTY 2022-11-03 41600.0 PE,BUY,1,330.25
2022-11-01 12:20:17,BANKNIFTY 2022-11-03 41600.0 CE,SELL,1,251.8
2022-11-01 12:20:17,BANKNIFTY 2022-11-03 41600.0 PE,SELL,1,329.95
2022-11-01 12:20:17,BANKNIFTY 2022-11-03 41700.0 CE,BUY,1,205.25
2022-11-01 12:20:17,BANKNIFTY 2022-11-03 41700.0 PE,BUY,1,383.0
2022-11-01 12:21:31,BANKNIFTY 2022-11-03 41700.0 CE,SELL,1,202.35
2022-11-01 12:21:31,BANKNIFTY 2022-11-03 41700.0 PE,SELL,1,390.0
2022-11-01 12:21:31,BANKNIFTY 2022-11-03 41600.0 CE,BUY,1,247.45
2022-11-01 12:21:31,BANKNIFTY 2022-11-03 41600.0 PE,BUY,1,333.0
2022-11-01 12:21:33,BANKNIFTY 2022-11-03 41600.0 CE,SELL,1,247.45
2022-11-01 12:21:33,BANKNIFTY 2022-11-03 41600.0 PE,SELL,1,335.75
2022-11-01 12:21:33,BANKNIFTY 2022-11-03 41700.0 CE,BUY,1,201.95
2022-11-01 12:21:33,BANKNIFTY 2022-11-03 41700.0 PE,BUY,1,389.7
2022-11-01 12:21:36,BANKNIFTY 2022-11-03 41700.0 CE,SELL,1,201.75
2022-11-01 12:21:36,BANKNIFTY 2022-11-03 41700.0 PE,SELL,1,389.0
2022-11-01 12:21:36,BANKNIFTY 2022-11-03 41600.0 CE,BUY,1,246.8
2022-11-01 12:21:36,BANKNIFTY 2022-11-03 41600.0 PE,BUY,1,334.65
2022-11-01 12:21:39,BANKNIFTY 2022-11-03 41600.0 CE,SELL,1,247.7
2022-11-01 12:21:39,BANKNIFTY 2022-11-03 41600.0 PE,SELL,1,333.75
2022-11-01 12:21:39,BANKNIFTY 2022-11-03 41700.0 CE,BUY,1,202.35
2022-11-01 12:21:39,BANKNIFTY 2022-11-03 41700.0 PE,BUY,1,390.15
2022-11-01 12:21:41,BANKNIFTY 2022-11-03 41700.0 CE,SELL,1,201.0
2022-11-01 12:21:41,BANKNIFTY 2022-11-03 41700.0 PE,SELL,1,390.6
2022-11-01 12:21:41,BANKNIFTY 2022-11-03 41600.0 CE,BUY,1,246.55
2022-11-01 12:21:41,BANKNIFTY 2022-11-03 41600.0 PE,BUY,1,336.0
2022-11-01 12:23:21,BANKNIFTY 2022-11-03 41600.0 CE,SELL,1,247.7
2022-11-01 12:23:21,BANKNIFTY 2022-11-03 41600.0 PE,SELL,1,331.3
2022-11-01 12:23:21,BANKNIFTY 2022-11-03 41700.0 CE,BUY,1,202.35
2022-11-01 12:23:21,BANKNIFTY 2022-11-03 41700.0 PE,BUY,1,386.5
2022-11-01 12:23:26,BANKNIFTY 2022-11-03 41700.0 CE,SELL,1,199.9
2022-11-01 12:23:26,BANKNIFTY 2022-11-03 41700.0 PE,SELL,1,389.6
2022-11-01 12:23:26,BANKNIFTY 2022-11-03 41600.0 CE,BUY,1,245.7
2022-11-01 12:23:26,BANKNIFTY 2022-11-03 41600.0 PE,BUY,1,334.6
2022-11-01 12:33:40,BANKNIFTY 2022-11-03 41600.0 CE,SELL,1,221.2
2022-11-01 12:33:40,BANKNIFTY 2022-11-03 41600.0 PE,SELL,1,403.5
2022-11-01 12:33:40,BANKNIFTY 2022-11-03 41500.0 CE,BUY,1,265.7
2022-11-01 12:33:40,BANKNIFTY 2022-11-03 41500.0 PE,BUY,1,349.1
2022-11-01 12:33:43,NIFTY 2022-11-03 18200.0 CE,SELL,1,62.4
2022-11-01 12:33:43,NIFTY 2022-11-03 18200.0 PE,SELL,1,131.45
2022-11-01 12:33:43,NIFTY 2022-11-03 18150.0 CE,BUY,1,84.9
2022-11-01 12:33:43,NIFTY 2022-11-03 18150.0 PE,BUY,1,103.6
2022-11-01 12:33:44,NIFTY 2022-11-03 18150.0 CE,SELL,1,85.2
2022-11-01 12:33:44,NIFTY 2022-11-03 18150.0 PE,SELL,1,103.55
2022-11-01 12:33:44,NIFTY 2022-11-03 18200.0 CE,BUY,1,62.65
2022-11-01 12:33:44,NIFTY 2022-11-03 18200.0 PE,BUY,1,131.15
2022-11-01 12:33:53,BANKNIFTY 2022-11-03 41500.0 CE,SELL,1,272.8
2022-11-01 12:33:53,BANKNIFTY 2022-11-03 41500.0 PE,SELL,1,358.15
2022-11-01 12:33:53,BANKNIFTY 2022-11-03 41600.0 CE,BUY,1,227.65
2022-11-01 12:33:53,BANKNIFTY 2022-11-03 41600.0 PE,BUY,1,415.25
2022-11-01 12:33:55,BANKNIFTY 2022-11-03 41600.0 CE,SELL,1,227.25
2022-11-01 12:33:55,BANKNIFTY 2022-11-03 41600.0 PE,SELL,1,412.85
2022-11-01 12:33:55,BANKNIFTY 2022-11-03 41500.0 CE,BUY,1,273.1
2022-11-01 12:33:55,BANKNIFTY 2022-11-03 41500.0 PE,BUY,1,360.3
2022-11-01 12:33:57,BANKNIFTY 2022-11-03 41500.0 CE,SELL,1,272.75
2022-11-01 12:33:57,BANKNIFTY 2022-11-03 41500.0 PE,SELL,1,356.85
2022-11-01 12:33:57,BANKNIFTY 2022-11-03 41600.0 CE,BUY,1,227.7
2022-11-01 12:33:57,BANKNIFTY 2022-11-03 41600.0 PE,BUY,1,415.05
2022-11-01 12:34:00,BANKNIFTY 2022-11-03 41600.0 CE,SELL,1,229.0
2022-11-01 12:34:00,BANKNIFTY 2022-11-03 41600.0 PE,SELL,1,410.8
2022-11-01 12:34:00,BANKNIFTY 2022-11-03 41500.0 CE,BUY,1,274.5
2022-11-01 12:34:00,BANKNIFTY 2022-11-03 41500.0 PE,BUY,1,355.0
2022-11-01 12:34:02,BANKNIFTY 2022-11-03 41500.0 CE,SELL,1,273.5
2022-11-01 12:34:02,BANKNIFTY 2022-11-03 41500.0 PE,SELL,1,359.1
2022-11-01 12:34:02,BANKNIFTY 2022-11-03 41600.0 CE,BUY,1,227.65
2022-11-01 12:34:02,BANKNIFTY 2022-11-03 41600.0 PE,BUY,1,413.05
2022-11-01 12:34:03,BANKNIFTY 2022-11-03 41600.0 CE,SELL,1,226.85
2022-11-01 12:34:03,BANKNIFTY 2022-11-03 41600.0 PE,SELL,1,416.45
2022-11-01 12:34:03,BANKNIFTY 2022-11-03 41500.0 CE,BUY,1,271.9
2022-11-01 12:34:03,BANKNIFTY 2022-11-03 41500.0 PE,BUY,1,359.1
2022-11-01 12:34:29,NIFTY 2022-11-03 18200.0 CE,SELL,1,62.35
2022-11-01 12:34:29,NIFTY 2022-11-03 18200.0 PE,SELL,1,131.9
2022-11-01 12:34:29,NIFTY 2022-11-03 18150.0 CE,BUY,1,84.7
2022-11-01 12:34:29,NIFTY 2022-11-03 18150.0 PE,BUY,1,104.35
2022-11-01 12:34:37,NIFTY 2022-11-03 18150.0 CE,SELL,1,85.65
2022-11-01 12:34:37,NIFTY 2022-11-03 18150.0 PE,SELL,1,103.4
2022-11-01 12:34:37,NIFTY 2022-11-03 18200.0 CE,BUY,1,62.85
2022-11-01 12:34:37,NIFTY 2022-11-03 18200.0 PE,BUY,1,130.85
2022-11-01 12:34:41,BANKNIFTY 2022-11-03 41500.0 CE,SELL,1,272.9
2022-11-01 12:34:41,BANKNIFTY 2022-11-03 41500.0 PE,SELL,1,356.85
2022-11-01 12:34:41,BANKNIFTY 2022-11-03 41600.0 CE,BUY,1,227.15
2022-11-01 12:34:41,BANKNIFTY 2022-11-03 41600.0 PE,BUY,1,411.25
2022-11-01 12:34:51,BANKNIFTY 2022-11-03 41600.0 CE,SELL,1,224.3
2022-11-01 12:34:51,BANKNIFTY 2022-11-03 41600.0 PE,SELL,1,411.45
2022-11-01 12:34:51,BANKNIFTY 2022-11-03 41500.0 CE,BUY,1,269.95
2022-11-01 12:34:51,BANKNIFTY 2022-11-03 41500.0 PE,BUY,1,356.95
2022-11-01 12:34:55,NIFTY 2022-11-03 18200.0 CE,SELL,1,62.3
2022-11-01 12:34:55,NIFTY 2022-11-03 18200.0 PE,SELL,1,131.9
2022-11-01 12:34:55,NIFTY 2022-11-03 18150.0 CE,BUY,1,85.0
2022-11-01 12:34:55,NIFTY 2022-11-03 18150.0 PE,BUY,1,104.5
2022-11-01 12:37:59,NIFTY 2022-11-03 18150.0 CE,SELL,1,84.15
2022-11-01 12:37:59,NIFTY 2022-11-03 18150.0 PE,SELL,1,104.0
2022-11-01 12:37:59,NIFTY 2022-11-03 18200.0 CE,BUY,1,61.9
2022-11-01 12:37:59,NIFTY 2022-11-03 18200.0 PE,BUY,1,131.7
2022-11-01 12:38:00,NIFTY 2022-11-03 18200.0 CE,SELL,1,61.65
2022-11-01 12:38:00,NIFTY 2022-11-03 18200.0 PE,SELL,1,131.5
2022-11-01 12:38:00,NIFTY 2022-11-03 18150.0 CE,BUY,1,84.0
2022-11-01 12:38:00,NIFTY 2022-11-03 18150.0 PE,BUY,1,104.05
2022-11-01 12:38:01,NIFTY 2022-11-03 18150.0 CE,SELL,1,84.05
2022-11-01 12:38:01,NIFTY 2022-11-03 18150.0 PE,SELL,1,104.4
2022-11-01 12:38:01,NIFTY 2022-11-03 18200.0 CE,BUY,1,61.55
2022-11-01 12:38:01,NIFTY 2022-11-03 18200.0 PE,BUY,1,131.65
2022-11-01 12:38:01,BANKNIFTY 2022-11-03 41500.0 CE,SELL,1,259.8
2022-11-01 12:38:01,BANKNIFTY 2022-11-03 41500.0 PE,SELL,1,344.55
2022-11-01 12:38:01,BANKNIFTY 2022-11-03 41600.0 CE,BUY,1,214.5
2022-11-01 12:38:01,BANKNIFTY 2022-11-03 41600.0 PE,BUY,1,399.8
2022-11-01 12:38:04,NIFTY 2022-11-03 18200.0 CE,SELL,1,62.1
2022-11-01 12:38:04,NIFTY 2022-11-03 18200.0 PE,SELL,1,130.9
2022-11-01 12:38:04,NIFTY 2022-11-03 18150.0 CE,BUY,1,84.45
2022-11-01 12:38:04,NIFTY 2022-11-03 18150.0 PE,BUY,1,103.55
2022-11-01 12:38:07,NIFTY 2022-11-03 18150.0 CE,SELL,1,84.9
2022-11-01 12:38:07,NIFTY 2022-11-03 18150.0 PE,SELL,1,103.0
2022-11-01 12:38:07,NIFTY 2022-11-03 18200.0 CE,BUY,1,62.4
2022-11-01 12:38:07,NIFTY 2022-11-03 18200.0 PE,BUY,1,130.45
2022-11-01 12:38:08,NIFTY 2022-11-03 18200.0 CE,SELL,1,62.15
2022-11-01 12:38:08,NIFTY 2022-11-03 18200.0 PE,SELL,1,130.5
2022-11-01 12:38:08,NIFTY 2022-11-03 18150.0 CE,BUY,1,84.55
2022-11-01 12:38:08,NIFTY 2022-11-03 18150.0 PE,BUY,1,103.15
2022-11-01 12:38:09,NIFTY 2022-11-03 18150.0 CE,SELL,1,84.95
2022-11-01 12:38:09,NIFTY 2022-11-03 18150.0 PE,SELL,1,102.95
2022-11-01 12:38:09,NIFTY 2022-11-03 18200.0 CE,BUY,1,62.3
2022-11-01 12:38:09,NIFTY 2022-11-03 18200.0 PE,BUY,1,130.2
2022-11-01 12:38:44,NIFTY 2022-11-03 18200.0 CE,SELL,1,61.9
2022-11-01 12:38:44,NIFTY 2022-11-03 18200.0 PE,SELL,1,131.6
2022-11-01 12:38:44,NIFTY 2022-11-03 18150.0 CE,BUY,1,84.3
2022-11-01 12:38:44,NIFTY 2022-11-03 18150.0 PE,BUY,1,103.85
2022-11-01 12:38:46,NIFTY 2022-11-03 18150.0 CE,SELL,1,84.15
2022-11-01 12:38:46,NIFTY 2022-11-03 18150.0 PE,SELL,1,104.1
2022-11-01 12:38:46,NIFTY 2022-11-03 18200.0 CE,BUY,1,61.85
2022-11-01 12:38:46,NIFTY 2022-11-03 18200.0 PE,BUY,1,131.65
2022-11-01 12:38:47,NIFTY 2022-11-03 18200.0 CE,SELL,1,61.85
2022-11-01 12:38:47,NIFTY 2022-11-03 18200.0 PE,SELL,1,131.8
2022-11-01 12:38:47,NIFTY 2022-11-03 18150.0 CE,BUY,1,84.15
2022-11-01 12:38:47,NIFTY 2022-11-03 18150.0 PE,BUY,1,104.1
2022-11-01 12:38:47,BANKNIFTY 2022-11-03 41600.0 CE,SELL,1,215.4
2022-11-01 12:38:47,BANKNIFTY 2022-11-03 41600.0 PE,SELL,1,403.45
2022-11-01 12:38:47,BANKNIFTY 2022-11-03 41500.0 CE,BUY,1,260.0
2022-11-01 12:38:47,BANKNIFTY 2022-11-03 41500.0 PE,BUY,1,347.0
2022-11-01 12:41:29,NIFTY 2022-11-03 18150.0 CE,SELL,1,84.1
2022-11-01 12:41:29,NIFTY 2022-11-03 18150.0 PE,SELL,1,103.35
2022-11-01 12:41:29,NIFTY 2022-11-03 18200.0 CE,BUY,1,61.55
2022-11-01 12:41:29,NIFTY 2022-11-03 18200.0 PE,BUY,1,130.85
2022-11-01 12:41:31,NIFTY 2022-11-03 18200.0 CE,SELL,1,61.4
2022-11-01 12:41:31,NIFTY 2022-11-03 18200.0 PE,SELL,1,131.3
2022-11-01 12:41:31,NIFTY 2022-11-03 18150.0 CE,BUY,1,83.6
2022-11-01 12:41:31,NIFTY 2022-11-03 18150.0 PE,BUY,1,103.9
2022-11-01 12:43:04,NIFTY 2022-11-03 18150.0 CE,SELL,1,84.2
2022-11-01 12:43:04,NIFTY 2022-11-03 18150.0 PE,SELL,1,103.8
2022-11-01 12:43:04,NIFTY 2022-11-03 18200.0 CE,BUY,1,61.8
2022-11-01 12:43:04,NIFTY 2022-11-03 18200.0 PE,BUY,1,131.2
2022-11-01 12:43:08,NIFTY 2022-11-03 18200.0 CE,SELL,1,61.7
2022-11-01 12:43:08,NIFTY 2022-11-03 18200.0 PE,SELL,1,131.9
2022-11-01 12:43:08,NIFTY 2022-11-03 18150.0 CE,BUY,1,84.3
2022-11-01 12:43:08,NIFTY 2022-11-03 18150.0 PE,BUY,1,104.35
2022-11-01 12:43:26,NIFTY 2022-11-03 18150.0 CE,SELL,1,84.55
2022-11-01 12:43:26,NIFTY 2022-11-03 18150.0 PE,SELL,1,104.05
2022-11-01 12:43:26,NIFTY 2022-11-03 18200.0 CE,BUY,1,62.45
2022-11-01 12:43:26,NIFTY 2022-11-03 18200.0 PE,BUY,1,131.2
2022-11-01 12:45:35,BANKNIFTY 2022-11-03 41500.0 CE,SELL,1,258.35
2022-11-01 12:45:35,BANKNIFTY 2022-11-03 41500.0 PE,SELL,1,342.25
2022-11-01 12:45:35,BANKNIFTY 2022-11-03 41600.0 CE,BUY,1,213.6
2022-11-01 12:45:35,BANKNIFTY 2022-11-03 41600.0 PE,BUY,1,396.35
2022-11-01 12:45:38,BANKNIFTY 2022-11-03 41600.0 CE,SELL,1,214.6
2022-11-01 12:45:38,BANKNIFTY 2022-11-03 41600.0 PE,SELL,1,395.8
2022-11-01 12:45:38,BANKNIFTY 2022-11-03 41500.0 CE,BUY,1,259.25
2022-11-01 12:45:38,BANKNIFTY 2022-11-03 41500.0 PE,BUY,1,341.3
2022-11-01 12:46:20,BANKNIFTY 2022-11-03 41500.0 CE,SELL,1,258.9
2022-11-01 12:46:20,BANKNIFTY 2022-11-03 41500.0 PE,SELL,1,344.95
2022-11-01 12:46:20,BANKNIFTY 2022-11-03 41600.0 CE,BUY,1,214.15
2022-11-01 12:46:20,BANKNIFTY 2022-11-03 41600.0 PE,BUY,1,399.7
2022-11-01 12:46:50,BANKNIFTY 2022-11-03 41600.0 CE,SELL,1,213.75
2022-11-01 12:46:50,BANKNIFTY 2022-11-03 41600.0 PE,SELL,1,399.6
2022-11-01 12:46:50,BANKNIFTY 2022-11-03 41500.0 CE,BUY,1,259.8
2022-11-01 12:46:50,BANKNIFTY 2022-11-03 41500.0 PE,BUY,1,345.95
2022-11-01 12:46:55,BANKNIFTY 2022-11-03 41500.0 CE,SELL,1,258.8
2022-11-01 12:46:55,BANKNIFTY 2022-11-03 41500.0 PE,SELL,1,347.65
2022-11-01 12:46:55,BANKNIFTY 2022-11-03 41600.0 CE,BUY,1,212.5
2022-11-01 12:46:55,BANKNIFTY 2022-11-03 41600.0 PE,BUY,1,403.25
2022-11-01 12:46:56,BANKNIFTY 2022-11-03 41600.0 CE,SELL,1,212.45
2022-11-01 12:46:56,BANKNIFTY 2022-11-03 41600.0 PE,SELL,1,404.8
2022-11-01 12:46:56,BANKNIFTY 2022-11-03 41500.0 CE,BUY,1,256.55
2022-11-01 12:46:56,BANKNIFTY 2022-11-03 41500.0 PE,BUY,1,348.95
2022-11-01 12:47:01,BANKNIFTY 2022-11-03 41500.0 CE,SELL,1,258.55
2022-11-01 12:47:01,BANKNIFTY 2022-11-03 41500.0 PE,SELL,1,345.15
2022-11-01 12:47:01,BANKNIFTY 2022-11-03 41600.0 CE,BUY,1,213.75
2022-11-01 12:47:01,BANKNIFTY 2022-11-03 41600.0 PE,BUY,1,401.6
2022-11-01 12:47:05,BANKNIFTY 2022-11-03 41600.0 CE,SELL,1,214.2
2022-11-01 12:47:05,BANKNIFTY 2022-11-03 41600.0 PE,SELL,1,401.1
2022-11-01 12:47:05,BANKNIFTY 2022-11-03 41500.0 CE,BUY,1,259.3
2022-11-01 12:47:05,BANKNIFTY 2022-11-03 41500.0 PE,BUY,1,346.0
2022-11-01 12:47:08,BANKNIFTY 2022-11-03 41500.0 CE,SELL,1,259.4
2022-11-01 12:47:08,BANKNIFTY 2022-11-03 41500.0 PE,SELL,1,344.5
2022-11-01 12:47:08,BANKNIFTY 2022-11-03 41600.0 CE,BUY,1,214.7
2022-11-01 12:47:08,BANKNIFTY 2022-11-03 41600.0 PE,BUY,1,399.35
2022-11-01 12:47:10,BANKNIFTY 2022-11-03 41600.0 CE,SELL,1,215.0
2022-11-01 12:47:10,BANKNIFTY 2022-11-03 41600.0 PE,SELL,1,398.4
2022-11-01 12:47:10,BANKNIFTY 2022-11-03 41500.0 CE,BUY,1,260.0
2022-11-01 12:47:10,BANKNIFTY 2022-11-03 41500.0 PE,BUY,1,343.8
2022-11-01 12:47:13,BANKNIFTY 2022-11-03 41500.0 CE,SELL,1,259.75
2022-11-01 12:47:13,BANKNIFTY 2022-11-03 41500.0 PE,SELL,1,341.95
2022-11-01 12:47:13,BANKNIFTY 2022-11-03 41600.0 CE,BUY,1,215.4
2022-11-01 12:47:13,BANKNIFTY 2022-11-03 41600.0 PE,BUY,1,397.45
2022-11-01 12:47:21,BANKNIFTY 2022-11-03 41600.0 CE,SELL,1,213.65
2022-11-01 12:47:21,BANKNIFTY 2022-11-03 41600.0 PE,SELL,1,401.05
2022-11-01 12:47:21,BANKNIFTY 2022-11-03 41500.0 CE,BUY,1,257.65
2022-11-01 12:47:21,BANKNIFTY 2022-11-03 41500.0 PE,BUY,1,346.0
2022-11-01 12:47:46,BANKNIFTY 2022-11-03 41500.0 CE,SELL,1,258.35
2022-11-01 12:47:46,BANKNIFTY 2022-11-03 41500.0 PE,SELL,1,346.5
2022-11-01 12:47:46,BANKNIFTY 2022-11-03 41600.0 CE,BUY,1,213.25
2022-11-01 12:47:46,BANKNIFTY 2022-11-03 41600.0 PE,BUY,1,400.7
2022-11-01 12:47:48,BANKNIFTY 2022-11-03 41600.0 CE,SELL,1,213.2
2022-11-01 12:47:48,BANKNIFTY 2022-11-03 41600.0 PE,SELL,1,403.05
2022-11-01 12:47:48,BANKNIFTY 2022-11-03 41500.0 CE,BUY,1,257.5
2022-11-01 12:47:48,BANKNIFTY 2022-11-03 41500.0 PE,BUY,1,347.8
2022-11-01 12:50:58,BANKNIFTY 2022-11-03 41500.0 CE,SELL,1,260.8
2022-11-01 12:50:58,BANKNIFTY 2022-11-03 41500.0 PE,SELL,1,343.5
2022-11-01 12:50:58,BANKNIFTY 2022-11-03 41600.0 CE,BUY,1,215.55
2022-11-01 12:50:58,BANKNIFTY 2022-11-03 41600.0 PE,BUY,1,398.2
2022-11-01 12:50:59,BANKNIFTY 2022-11-03 41600.0 CE,SELL,1,215.2
2022-11-01 12:50:59,BANKNIFTY 2022-11-03 41600.0 PE,SELL,1,399.0
2022-11-01 12:50:59,BANKNIFTY 2022-11-03 41500.0 CE,BUY,1,260.85
2022-11-01 12:50:59,BANKNIFTY 2022-11-03 41500.0 PE,BUY,1,344.6
2022-11-01 12:51:05,BANKNIFTY 2022-11-03 41500.0 CE,SELL,1,260.3
2022-11-01 12:51:05,BANKNIFTY 2022-11-03 41500.0 PE,SELL,1,342.9
2022-11-01 12:51:05,BANKNIFTY 2022-11-03 41600.0 CE,BUY,1,215.25
2022-11-01 12:51:05,BANKNIFTY 2022-11-03 41600.0 PE,BUY,1,397.65
2022-11-01 12:51:07,BANKNIFTY 2022-11-03 41600.0 CE,SELL,1,215.8
2022-11-01 12:51:07,BANKNIFTY 2022-11-03 41600.0 PE,SELL,1,398.35
2022-11-01 12:51:07,BANKNIFTY 2022-11-03 41500.0 CE,BUY,1,260.45
2022-11-01 12:51:07,BANKNIFTY 2022-11-03 41500.0 PE,BUY,1,343.25
2022-11-01 12:51:08,BANKNIFTY 2022-11-03 41500.0 CE,SELL,1,259.9
2022-11-01 12:51:08,BANKNIFTY 2022-11-03 41500.0 PE,SELL,1,344.85
2022-11-01 12:51:08,BANKNIFTY 2022-11-03 41600.0 CE,BUY,1,214.95
2022-11-01 12:51:08,BANKNIFTY 2022-11-03 41600.0 PE,BUY,1,399.55
2022-11-01 12:51:18,BANKNIFTY 2022-11-03 41600.0 CE,SELL,1,214.5
2022-11-01 12:51:18,BANKNIFTY 2022-11-03 41600.0 PE,SELL,1,398.6
2022-11-01 12:51:18,BANKNIFTY 2022-11-03 41500.0 CE,BUY,1,259.75
2022-11-01 12:51:18,BANKNIFTY 2022-11-03 41500.0 PE,BUY,1,345.0
2022-11-01 12:51:22,BANKNIFTY 2022-11-03 41500.0 CE,SELL,1,260.3
2022-11-01 12:51:22,BANKNIFTY 2022-11-03 41500.0 PE,SELL,1,343.1
2022-11-01 12:51:22,BANKNIFTY 2022-11-03 41600.0 CE,BUY,1,215.6
2022-11-01 12:51:22,BANKNIFTY 2022-11-03 41600.0 PE,BUY,1,398.55
2022-11-01 12:52:03,BANKNIFTY 2022-11-03 41600.0 CE,SELL,1,213.25
2022-11-01 12:52:03,BANKNIFTY 2022-11-03 41600.0 PE,SELL,1,400.8
2022-11-01 12:52:03,BANKNIFTY 2022-11-03 41500.0 CE,BUY,1,257.75
2022-11-01 12:52:03,BANKNIFTY 2022-11-03 41500.0 PE,BUY,1,346.65
2022-11-01 12:52:30,BANKNIFTY 2022-11-03 41500.0 CE,SELL,1,259.15
2022-11-01 12:52:30,BANKNIFTY 2022-11-03 41500.0 PE,SELL,1,346.25
2022-11-01 12:52:30,BANKNIFTY 2022-11-03 41600.0 CE,BUY,1,214.4
2022-11-01 12:52:30,BANKNIFTY 2022-11-03 41600.0 PE,BUY,1,401.8
2022-11-01 12:52:32,BANKNIFTY 2022-11-03 41600.0 CE,SELL,1,214.55
2022-11-01 12:52:32,BANKNIFTY 2022-11-03 41600.0 PE,SELL,1,401.1
2022-11-01 12:52:32,BANKNIFTY 2022-11-03 41500.0 CE,BUY,1,258.75
2022-11-01 12:52:32,BANKNIFTY 2022-11-03 41500.0 PE,BUY,1,346.65
2022-11-01 12:52:42,BANKNIFTY 2022-11-03 41500.0 CE,SELL,1,260.3
2022-11-01 12:52:42,BANKNIFTY 2022-11-03 41500.0 PE,SELL,1,345.0
2022-11-01 12:52:42,BANKNIFTY 2022-11-03 41600.0 CE,BUY,1,215.35
2022-11-01 12:52:42,BANKNIFTY 2022-11-03 41600.0 PE,BUY,1,399.65
2022-11-01 12:52:47,BANKNIFTY 2022-11-03 41600.0 CE,SELL,1,215.7
2022-11-01 12:52:47,BANKNIFTY 2022-11-03 41600.0 PE,SELL,1,400.35
2022-11-01 12:52:47,BANKNIFTY 2022-11-03 41500.0 CE,BUY,1,259.7
2022-11-01 12:52:47,BANKNIFTY 2022-11-03 41500.0 PE,BUY,1,345.2
2022-11-01 12:53:33,BANKNIFTY 2022-11-03 41500.0 CE,SELL,1,261.6
2022-11-01 12:53:33,BANKNIFTY 2022-11-03 41500.0 PE,SELL,1,341.35
2022-11-01 12:53:33,BANKNIFTY 2022-11-03 41600.0 CE,BUY,1,215.7
2022-11-01 12:53:33,BANKNIFTY 2022-11-03 41600.0 PE,BUY,1,398.95
2022-11-01 12:54:02,BANKNIFTY 2022-11-03 41600.0 CE,SELL,1,215.7
2022-11-01 12:54:02,BANKNIFTY 2022-11-03 41600.0 PE,SELL,1,398.55
2022-11-01 12:54:02,BANKNIFTY 2022-11-03 41500.0 CE,BUY,1,260.75
2022-11-01 12:54:02,BANKNIFTY 2022-11-03 41500.0 PE,BUY,1,342.6
2022-11-01 12:56:00,NIFTY 2022-11-03 18200.0 CE,SELL,1,61.7
2022-11-01 12:56:00,NIFTY 2022-11-03 18200.0 PE,SELL,1,130.35
2022-11-01 12:56:00,NIFTY 2022-11-03 18150.0 CE,BUY,1,84.05
2022-11-01 12:56:00,NIFTY 2022-11-03 18150.0 PE,BUY,1,102.95
2022-11-01 12:56:04,NIFTY 2022-11-03 18150.0 CE,SELL,1,84.05
2022-11-01 12:56:04,NIFTY 2022-11-03 18150.0 PE,SELL,1,103.1
2022-11-01 12:56:04,NIFTY 2022-11-03 18200.0 CE,BUY,1,61.8
2022-11-01 12:56:04,NIFTY 2022-11-03 18200.0 PE,BUY,1,130.6
2022-11-01 12:56:05,NIFTY 2022-11-03 18200.0 CE,SELL,1,62.0
2022-11-01 12:56:05,NIFTY 2022-11-03 18200.0 PE,SELL,1,130.25
2022-11-01 12:56:05,NIFTY 2022-11-03 18150.0 CE,BUY,1,84.15
2022-11-01 12:56:05,NIFTY 2022-11-03 18150.0 PE,BUY,1,102.55
2022-11-01 12:56:07,NIFTY 2022-11-03 18150.0 CE,SELL,1,84.05
2022-11-01 12:56:07,NIFTY 2022-11-03 18150.0 PE,SELL,1,103.2
2022-11-01 12:56:07,NIFTY 2022-11-03 18200.0 CE,BUY,1,61.8
2022-11-01 12:56:07,NIFTY 2022-11-03 18200.0 PE,BUY,1,130.7
2022-11-01 12:56:08,NIFTY 2022-11-03 18200.0 CE,SELL,1,61.95
2022-11-01 12:56:08,NIFTY 2022-11-03 18200.0 PE,SELL,1,130.5
2022-11-01 12:56:08,NIFTY 2022-11-03 18150.0 CE,BUY,1,84.2
2022-11-01 12:56:08,NIFTY 2022-11-03 18150.0 PE,BUY,1,102.65
2022-11-01 13:02:06,BANKNIFTY 2022-11-03 41500.0 CE,SELL,1,218.35
2022-11-01 13:02:06,BANKNIFTY 2022-11-03 41500.0 PE,SELL,1,404.45
2022-11-01 13:02:06,BANKNIFTY 2022-11-03 41400.0 CE,BUY,1,263.3
2022-11-01 13:02:06,BANKNIFTY 2022-11-03 41400.0 PE,BUY,1,349.0
2022-11-01 13:02:09,BANKNIFTY 2022-11-03 41400.0 CE,SELL,1,266.55
2022-11-01 13:02:09,BANKNIFTY 2022-11-03 41400.0 PE,SELL,1,345.45
2022-11-01 13:02:09,BANKNIFTY 2022-11-03 41500.0 CE,BUY,1,220.75
2022-11-01 13:02:09,BANKNIFTY 2022-11-03 41500.0 PE,BUY,1,401.25
2022-11-01 13:03:03,BANKNIFTY 2022-11-03 41500.0 CE,SELL,1,218.25
2022-11-01 13:03:03,BANKNIFTY 2022-11-03 41500.0 PE,SELL,1,405.55
2022-11-01 13:03:03,BANKNIFTY 2022-11-03 41400.0 CE,BUY,1,264.8
2022-11-01 13:03:03,BANKNIFTY 2022-11-03 41400.0 PE,BUY,1,352.6
2022-11-01 13:06:09,NIFTY 2022-11-03 18150.0 CE,SELL,1,63.6
2022-11-01 13:06:09,NIFTY 2022-11-03 18150.0 PE,SELL,1,135.0
2022-11-01 13:06:09,NIFTY 2022-11-03 18100.0 CE,BUY,1,86.0
2022-11-01 13:06:09,NIFTY 2022-11-03 18100.0 PE,BUY,1,106.45
2022-11-01 13:06:14,NIFTY 2022-11-03 18100.0 CE,SELL,1,86.45
2022-11-01 13:06:14,NIFTY 2022-11-03 18100.0 PE,SELL,1,106.45
2022-11-01 13:06:14,NIFTY 2022-11-03 18150.0 CE,BUY,1,64.1
2022-11-01 13:06:14,NIFTY 2022-11-03 18150.0 PE,BUY,1,133.75
2022-11-01 13:06:15,NIFTY 2022-11-03 18150.0 CE,SELL,1,63.95
2022-11-01 13:06:15,NIFTY 2022-11-03 18150.0 PE,SELL,1,134.25
2022-11-01 13:06:15,NIFTY 2022-11-03 18100.0 CE,BUY,1,86.15
2022-11-01 13:06:15,NIFTY 2022-11-03 18100.0 PE,BUY,1,106.9
2022-11-01 13:06:23,NIFTY 2022-11-03 18100.0 CE,SELL,1,87.6
2022-11-01 13:06:23,NIFTY 2022-11-03 18100.0 PE,SELL,1,105.35
2022-11-01 13:06:23,NIFTY 2022-11-03 18150.0 CE,BUY,1,65.05
2022-11-01 13:06:23,NIFTY 2022-11-03 18150.0 PE,BUY,1,132.65
2022-11-01 13:11:19,NIFTY 2022-11-03 18150.0 CE,SELL,1,62.25
2022-11-01 13:11:19,NIFTY 2022-11-03 18150.0 PE,SELL,1,133.0
2022-11-01 13:11:19,NIFTY 2022-11-03 18100.0 CE,BUY,1,84.6
2022-11-01 13:11:19,NIFTY 2022-11-03 18100.0 PE,BUY,1,105.5
2022-11-01 13:11:22,NIFTY 2022-11-03 18100.0 CE,SELL,1,84.1
2022-11-01 13:11:22,NIFTY 2022-11-03 18100.0 PE,SELL,1,105.6
2022-11-01 13:11:22,NIFTY 2022-11-03 18150.0 CE,BUY,1,61.85
2022-11-01 13:11:22,NIFTY 2022-11-03 18150.0 PE,BUY,1,133.2
2022-11-01 13:11:23,NIFTY 2022-11-03 18150.0 CE,SELL,1,61.9
2022-11-01 13:11:23,NIFTY 2022-11-03 18150.0 PE,SELL,1,133.0
2022-11-01 13:11:23,NIFTY 2022-11-03 18100.0 CE,BUY,1,84.15
2022-11-01 13:11:23,NIFTY 2022-11-03 18100.0 PE,BUY,1,105.7
2022-11-01 13:11:27,NIFTY 2022-11-03 18100.0 CE,SELL,1,84.1
2022-11-01 13:11:27,NIFTY 2022-11-03 18100.0 PE,SELL,1,105.45
2022-11-01 13:11:27,NIFTY 2022-11-03 18150.0 CE,BUY,1,61.95
2022-11-01 13:11:27,NIFTY 2022-11-03 18150.0 PE,BUY,1,132.85
2022-11-01 13:11:29,NIFTY 2022-11-03 18150.0 CE,SELL,1,62.1
2022-11-01 13:11:29,NIFTY 2022-11-03 18150.0 PE,SELL,1,132.65
2022-11-01 13:11:29,NIFTY 2022-11-03 18100.0 CE,BUY,1,84.35
2022-11-01 13:11:29,NIFTY 2022-11-03 18100.0 PE,BUY,1,105.55
2022-11-01 13:11:34,NIFTY 2022-11-03 18100.0 CE,SELL,1,83.95
2022-11-01 13:11:34,NIFTY 2022-11-03 18100.0 PE,SELL,1,105.7
2022-11-01 13:11:34,NIFTY 2022-11-03 18150.0 CE,BUY,1,61.8
2022-11-01 13:11:34,NIFTY 2022-11-03 18150.0 PE,BUY,1,133.0
2022-11-01 13:11:35,NIFTY 2022-11-03 18150.0 CE,SELL,1,61.5
2022-11-01 13:11:35,NIFTY 2022-11-03 18150.0 PE,SELL,1,133.2
2022-11-01 13:11:35,NIFTY 2022-11-03 18100.0 CE,BUY,1,83.65
2022-11-01 13:11:35,NIFTY 2022-11-03 18100.0 PE,BUY,1,105.75
2022-11-01 13:15:58,NIFTY 2022-11-03 18100.0 CE,SELL,1,84.7
2022-11-01 13:15:58,NIFTY 2022-11-03 18100.0 PE,SELL,1,103.85
2022-11-01 13:15:58,NIFTY 2022-11-03 18150.0 CE,BUY,1,61.85
2022-11-01 13:15:58,NIFTY 2022-11-03 18150.0 PE,BUY,1,130.7
2022-11-01 13:16:01,NIFTY 2022-11-03 18150.0 CE,SELL,1,61.6
2022-11-01 13:16:01,NIFTY 2022-11-03 18150.0 PE,SELL,1,130.75
2022-11-01 13:16:01,NIFTY 2022-11-03 18100.0 CE,BUY,1,84.55
2022-11-01 13:16:01,NIFTY 2022-11-03 18100.0 PE,BUY,1,104.15
2022-11-01 13:16:02,NIFTY 2022-11-03 18100.0 CE,SELL,1,84.4
2022-11-01 13:16:02,NIFTY 2022-11-03 18100.0 PE,SELL,1,104.15
2022-11-01 13:16:02,NIFTY 2022-11-03 18150.0 CE,BUY,1,61.5
2022-11-01 13:16:02,NIFTY 2022-11-03 18150.0 PE,BUY,1,130.9
2022-11-01 13:16:03,NIFTY 2022-11-03 18150.0 CE,SELL,1,61.2
2022-11-01 13:16:03,NIFTY 2022-11-03 18150.0 PE,SELL,1,131.3
2022-11-01 13:16:03,NIFTY 2022-11-03 18100.0 CE,BUY,1,84.25
2022-11-01 13:16:03,NIFTY 2022-11-03 18100.0 PE,BUY,1,104.35
2022-11-01 13:16:04,NIFTY 2022-11-03 18100.0 CE,SELL,1,84.55
2022-11-01 13:16:04,NIFTY 2022-11-03 18100.0 PE,SELL,1,104.05
2022-11-01 13:16:04,NIFTY 2022-11-03 18150.0 CE,BUY,1,61.2
2022-11-01 13:16:04,NIFTY 2022-11-03 18150.0 PE,BUY,1,130.85
2022-11-01 13:17:08,BANKNIFTY 2022-11-03 41400.0 CE,SELL,1,255.9
2022-11-01 13:17:08,BANKNIFTY 2022-11-03 41400.0 PE,SELL,1,341.1
2022-11-01 13:17:08,BANKNIFTY 2022-11-03 41500.0 CE,BUY,1,210.15
2022-11-01 13:17:08,BANKNIFTY 2022-11-03 41500.0 PE,BUY,1,394.2
2022-11-01 13:17:15,BANKNIFTY 2022-11-03 41500.0 CE,SELL,1,208.8
2022-11-01 13:17:15,BANKNIFTY 2022-11-03 41500.0 PE,SELL,1,396.25
2022-11-01 13:17:15,BANKNIFTY 2022-11-03 41400.0 CE,BUY,1,253.3
2022-11-01 13:17:15,BANKNIFTY 2022-11-03 41400.0 PE,BUY,1,342.05
2022-11-01 13:17:16,BANKNIFTY 2022-11-03 41400.0 CE,SELL,1,254.3
2022-11-01 13:17:16,BANKNIFTY 2022-11-03 41400.0 PE,SELL,1,341.3
2022-11-01 13:17:16,BANKNIFTY 2022-11-03 41500.0 CE,BUY,1,209.4
2022-11-01 13:17:16,BANKNIFTY 2022-11-03 41500.0 PE,BUY,1,395.4
2022-11-01 13:17:28,BANKNIFTY 2022-11-03 41500.0 CE,SELL,1,210.55
2022-11-01 13:17:28,BANKNIFTY 2022-11-03 41500.0 PE,SELL,1,398.25
2022-11-01 13:17:28,BANKNIFTY 2022-11-03 41400.0 CE,BUY,1,254.85
2022-11-01 13:17:28,BANKNIFTY 2022-11-03 41400.0 PE,BUY,1,341.95
2022-11-01 13:17:30,BANKNIFTY 2022-11-03 41400.0 CE,SELL,1,256.2
2022-11-01 13:17:30,BANKNIFTY 2022-11-03 41400.0 PE,SELL,1,342.0
2022-11-01 13:17:30,BANKNIFTY 2022-11-03 41500.0 CE,BUY,1,210.25
2022-11-01 13:17:30,BANKNIFTY 2022-11-03 41500.0 PE,BUY,1,395.65
2022-11-01 13:17:31,BANKNIFTY 2022-11-03 41500.0 CE,SELL,1,210.25
2022-11-01 13:17:31,BANKNIFTY 2022-11-03 41500.0 PE,SELL,1,398.0
2022-11-01 13:17:31,BANKNIFTY 2022-11-03 41400.0 CE,BUY,1,255.7
2022-11-01 13:17:31,BANKNIFTY 2022-11-03 41400.0 PE,BUY,1,342.5
2022-11-01 13:17:35,BANKNIFTY 2022-11-03 41400.0 CE,SELL,1,258.45
2022-11-01 13:17:35,BANKNIFTY 2022-11-03 41400.0 PE,SELL,1,338.8
2022-11-01 13:17:35,BANKNIFTY 2022-11-03 41500.0 CE,BUY,1,211.95
2022-11-01 13:17:35,BANKNIFTY 2022-11-03 41500.0 PE,BUY,1,393.15
2022-11-01 13:17:40,BANKNIFTY 2022-11-03 41500.0 CE,SELL,1,210.9
2022-11-01 13:17:40,BANKNIFTY 2022-11-03 41500.0 PE,SELL,1,396.75
2022-11-01 13:17:40,BANKNIFTY 2022-11-03 41400.0 CE,BUY,1,256.8
2022-11-01 13:17:40,BANKNIFTY 2022-11-03 41400.0 PE,BUY,1,342.0
2022-11-01 13:17:41,BANKNIFTY 2022-11-03 41400.0 CE,SELL,1,256.9
2022-11-01 13:17:41,BANKNIFTY 2022-11-03 41400.0 PE,SELL,1,340.95
2022-11-01 13:17:41,BANKNIFTY 2022-11-03 41500.0 CE,BUY,1,211.75
2022-11-01 13:17:41,BANKNIFTY 2022-11-03 41500.0 PE,BUY,1,395.7
2022-11-01 13:17:50,BANKNIFTY 2022-11-03 41500.0 CE,SELL,1,210.55
2022-11-01 13:17:50,BANKNIFTY 2022-11-03 41500.0 PE,SELL,1,399.95
2022-11-01 13:17:50,BANKNIFTY 2022-11-03 41400.0 CE,BUY,1,255.65
2022-11-01 13:17:50,BANKNIFTY 2022-11-03 41400.0 PE,BUY,1,344.05
2022-11-01 13:17:53,BANKNIFTY 2022-11-03 41400.0 CE,SELL,1,256.65
2022-11-01 13:17:53,BANKNIFTY 2022-11-03 41400.0 PE,SELL,1,342.3
2022-11-01 13:17:53,BANKNIFTY 2022-11-03 41500.0 CE,BUY,1,211.05
2022-11-01 13:17:53,BANKNIFTY 2022-11-03 41500.0 PE,BUY,1,398.5
2022-11-01 13:17:54,BANKNIFTY 2022-11-03 41500.0 CE,SELL,1,211.9
2022-11-01 13:17:54,BANKNIFTY 2022-11-03 41500.0 PE,SELL,1,398.7
2022-11-01 13:17:54,BANKNIFTY 2022-11-03 41400.0 CE,BUY,1,257.15
2022-11-01 13:17:54,BANKNIFTY 2022-11-03 41400.0 PE,BUY,1,343.25
2022-11-01 13:17:58,BANKNIFTY 2022-11-03 41400.0 CE,SELL,1,258.5
2022-11-01 13:17:58,BANKNIFTY 2022-11-03 41400.0 PE,SELL,1,340.1
2022-11-01 13:17:58,BANKNIFTY 2022-11-03 41500.0 CE,BUY,1,212.8
2022-11-01 13:17:58,BANKNIFTY 2022-11-03 41500.0 PE,BUY,1,393.85
2022-11-01 13:18:01,BANKNIFTY 2022-11-03 41500.0 CE,SELL,1,211.4
2022-11-01 13:18:01,BANKNIFTY 2022-11-03 41500.0 PE,SELL,1,394.55
2022-11-01 13:18:01,BANKNIFTY 2022-11-03 41400.0 CE,BUY,1,257.6
2022-11-01 13:18:01,BANKNIFTY 2022-11-03 41400.0 PE,BUY,1,339.05
2022-11-01 13:18:03,BANKNIFTY 2022-11-03 41400.0 CE,SELL,1,256.45
2022-11-01 13:18:03,BANKNIFTY 2022-11-03 41400.0 PE,SELL,1,342.2
2022-11-01 13:18:03,BANKNIFTY 2022-11-03 41500.0 CE,BUY,1,211.15
2022-11-01 13:18:03,BANKNIFTY 2022-11-03 41500.0 PE,BUY,1,397.65
2022-11-01 13:18:04,BANKNIFTY 2022-11-03 41500.0 CE,SELL,1,211.05
2022-11-01 13:18:04,BANKNIFTY 2022-11-03 41500.0 PE,SELL,1,397.5
2022-11-01 13:18:04,BANKNIFTY 2022-11-03 41400.0 CE,BUY,1,255.75
2022-11-01 13:18:04,BANKNIFTY 2022-11-03 41400.0 PE,BUY,1,343.4
2022-11-01 13:19:47,BANKNIFTY 2022-11-03 41400.0 CE,SELL,1,259.9
2022-11-01 13:19:47,BANKNIFTY 2022-11-03 41400.0 PE,SELL,1,337.0
2022-11-01 13:19:47,BANKNIFTY 2022-11-03 41500.0 CE,BUY,1,214.0
2022-11-01 13:19:47,BANKNIFTY 2022-11-03 41500.0 PE,BUY,1,392.3
2022-11-01 13:34:21,NIFTY 2022-11-03 18150.0 CE,SELL,1,78.9
2022-11-01 13:34:21,NIFTY 2022-11-03 18150.0 PE,SELL,1,101.95
2022-11-01 13:34:21,NIFTY 2022-11-03 18200.0 CE,BUY,1,56.9
2022-11-01 13:34:21,NIFTY 2022-11-03 18200.0 PE,BUY,1,129.95
2022-11-01 13:34:22,BANKNIFTY 2022-11-03 41500.0 CE,SELL,1,248.0
2022-11-01 13:34:22,BANKNIFTY 2022-11-03 41500.0 PE,SELL,1,331.7
2022-11-01 13:34:22,BANKNIFTY 2022-11-03 41600.0 CE,BUY,1,203.8
2022-11-01 13:34:22,BANKNIFTY 2022-11-03 41600.0 PE,BUY,1,386.7
2022-11-01 13:34:24,BANKNIFTY 2022-11-03 41600.0 CE,SELL,1,203.15
2022-11-01 13:34:24,BANKNIFTY 2022-11-03 41600.0 PE,SELL,1,389.15
2022-11-01 13:34:24,BANKNIFTY 2022-11-03 41500.0 CE,BUY,1,246.9
2022-11-01 13:34:24,BANKNIFTY 2022-11-03 41500.0 PE,BUY,1,334.3
2022-11-01 13:34:25,BANKNIFTY 2022-11-03 41500.0 CE,SELL,1,247.05
2022-11-01 13:34:25,BANKNIFTY 2022-11-03 41500.0 PE,SELL,1,334.0
2022-11-01 13:34:25,BANKNIFTY 2022-11-03 41600.0 CE,BUY,1,202.0
2022-11-01 13:34:25,BANKNIFTY 2022-11-03 41600.0 PE,BUY,1,390.35
2022-11-01 13:34:27,NIFTY 2022-11-03 18200.0 CE,SELL,1,56.3
2022-11-01 13:34:27,NIFTY 2022-11-03 18200.0 PE,SELL,1,130.95
2022-11-01 13:34:27,NIFTY 2022-11-03 18150.0 CE,BUY,1,78.25
2022-11-01 13:34:27,NIFTY 2022-11-03 18150.0 PE,BUY,1,102.9
2022-11-01 13:34:27,BANKNIFTY 2022-11-03 41600.0 CE,SELL,1,202.1
2022-11-01 13:34:27,BANKNIFTY 2022-11-03 41600.0 PE,SELL,1,391.25
2022-11-01 13:34:27,BANKNIFTY 2022-11-03 41500.0 CE,BUY,1,246.55
2022-11-01 13:34:27,BANKNIFTY 2022-11-03 41500.0 PE,BUY,1,335.4
2022-11-01 13:34:29,NIFTY 2022-11-03 18150.0 CE,SELL,1,78.6
2022-11-01 13:34:29,NIFTY 2022-11-03 18150.0 PE,SELL,1,102.45
2022-11-01 13:34:29,NIFTY 2022-11-03 18200.0 CE,BUY,1,56.6
2022-11-01 13:34:29,NIFTY 2022-11-03 18200.0 PE,BUY,1,130.45
2022-11-01 13:34:35,NIFTY 2022-11-03 18200.0 CE,SELL,1,56.3
2022-11-01 13:34:35,NIFTY 2022-11-03 18200.0 PE,SELL,1,130.5
2022-11-01 13:34:35,NIFTY 2022-11-03 18150.0 CE,BUY,1,78.1
2022-11-01 13:34:35,NIFTY 2022-11-03 18150.0 PE,BUY,1,102.8
2022-11-01 13:34:41,NIFTY 2022-11-03 18150.0 CE,SELL,1,78.45
2022-11-01 13:34:41,NIFTY 2022-11-03 18150.0 PE,SELL,1,102.55
2022-11-01 13:34:41,NIFTY 2022-11-03 18200.0 CE,BUY,1,56.65
2022-11-01 13:34:41,NIFTY 2022-11-03 18200.0 PE,BUY,1,130.5
2022-11-01 13:34:42,NIFTY 2022-11-03 18200.0 CE,SELL,1,56.4
2022-11-01 13:34:42,NIFTY 2022-11-03 18200.0 PE,SELL,1,130.25
2022-11-01 13:34:42,NIFTY 2022-11-03 18150.0 CE,BUY,1,78.25
2022-11-01 13:34:42,NIFTY 2022-11-03 18150.0 PE,BUY,1,102.65
2022-11-01 13:34:44,NIFTY 2022-11-03 18150.0 CE,SELL,1,78.4
2022-11-01 13:34:44,NIFTY 2022-11-03 18150.0 PE,SELL,1,103.25
2022-11-01 13:34:44,NIFTY 2022-11-03 18200.0 CE,BUY,1,56.5
2022-11-01 13:34:44,NIFTY 2022-11-03 18200.0 PE,BUY,1,131.45
2022-11-01 13:34:45,NIFTY 2022-11-03 18200.0 CE,SELL,1,56.3
2022-11-01 13:34:45,NIFTY 2022-11-03 18200.0 PE,SELL,1,131.3
2022-11-01 13:34:45,NIFTY 2022-11-03 18150.0 CE,BUY,1,78.3
2022-11-01 13:34:45,NIFTY 2022-11-03 18150.0 PE,BUY,1,103.35
2022-11-01 13:34:49,BANKNIFTY 2022-11-03 41500.0 CE,SELL,1,248.0
2022-11-01 13:34:49,BANKNIFTY 2022-11-03 41500.0 PE,SELL,1,332.0
2022-11-01 13:34:49,BANKNIFTY 2022-11-03 41600.0 CE,BUY,1,203.75
2022-11-01 13:34:49,BANKNIFTY 2022-11-03 41600.0 PE,BUY,1,389.0
2022-11-01 13:34:50,BANKNIFTY 2022-11-03 41600.0 CE,SELL,1,203.95
2022-11-01 13:34:50,BANKNIFTY 2022-11-03 41600.0 PE,SELL,1,389.05
2022-11-01 13:34:50,BANKNIFTY 2022-11-03 41500.0 CE,BUY,1,247.55
2022-11-01 13:34:50,BANKNIFTY 2022-11-03 41500.0 PE,BUY,1,333.65
2022-11-01 13:34:52,BANKNIFTY 2022-11-03 41500.0 CE,SELL,1,247.65
2022-11-01 13:34:52,BANKNIFTY 2022-11-03 41500.0 PE,SELL,1,332.4
2022-11-01 13:34:52,BANKNIFTY 2022-11-03 41600.0 CE,BUY,1,204.0
2022-11-01 13:34:52,BANKNIFTY 2022-11-03 41600.0 PE,BUY,1,388.55
2022-11-01 13:34:53,BANKNIFTY 2022-11-03 41600.0 CE,SELL,1,203.0
2022-11-01 13:34:53,BANKNIFTY 2022-11-03 41600.0 PE,SELL,1,390.9
2022-11-01 13:34:53,BANKNIFTY 2022-11-03 41500.0 CE,BUY,1,246.4
2022-11-01 13:34:53,BANKNIFTY 2022-11-03 41500.0 PE,BUY,1,334.65
2022-11-01 13:34:56,NIFTY 2022-11-03 18150.0 CE,SELL,1,78.85
2022-11-01 13:34:56,NIFTY 2022-11-03 18150.0 PE,SELL,1,102.05
2022-11-01 13:34:56,NIFTY 2022-11-03 18200.0 CE,BUY,1,56.8
2022-11-01 13:34:56,NIFTY 2022-11-03 18200.0 PE,BUY,1,129.95
2022-11-01 13:34:58,BANKNIFTY 2022-11-03 41500.0 CE,SELL,1,248.3
2022-11-01 13:34:58,BANKNIFTY 2022-11-03 41500.0 PE,SELL,1,331.75
2022-11-01 13:34:58,BANKNIFTY 2022-11-03 41600.0 CE,BUY,1,204.95
2022-11-01 13:34:58,BANKNIFTY 2022-11-03 41600.0 PE,BUY,1,388.35
2022-11-01 13:35:08,BANKNIFTY 2022-11-03 41600.0 CE,SELL,1,204.45
2022-11-01 13:35:08,BANKNIFTY 2022-11-03 41600.0 PE,SELL,1,388.55
2022-11-01 13:35:08,BANKNIFTY 2022-11-03 41500.0 CE,BUY,1,247.8
2022-11-01 13:35:08,BANKNIFTY 2022-11-03 41500.0 PE,BUY,1,332.4
2022-11-01 13:35:37,NIFTY 2022-11-03 18200.0 CE,SELL,1,56.85
2022-11-01 13:35:37,NIFTY 2022-11-03 18200.0 PE,SELL,1,130.65
2022-11-01 13:35:37,NIFTY 2022-11-03 18150.0 CE,BUY,1,78.75
2022-11-01 13:35:37,NIFTY 2022-11-03 18150.0 PE,BUY,1,102.45
2022-11-01 13:35:38,NIFTY 2022-11-03 18150.0 CE,SELL,1,79.2
2022-11-01 13:35:38,NIFTY 2022-11-03 18150.0 PE,SELL,1,102.05
2022-11-01 13:35:38,NIFTY 2022-11-03 18200.0 CE,BUY,1,57.15
2022-11-01 13:35:38,NIFTY 2022-11-03 18200.0 PE,BUY,1,129.95
2022-11-01 13:35:48,NIFTY 2022-11-03 18200.0 CE,SELL,1,56.65
2022-11-01 13:35:48,NIFTY 2022-11-03 18200.0 PE,SELL,1,130.2
2022-11-01 13:35:48,NIFTY 2022-11-03 18150.0 CE,BUY,1,78.8
2022-11-01 13:35:48,NIFTY 2022-11-03 18150.0 PE,BUY,1,102.25
2022-11-01 13:35:50,NIFTY 2022-11-03 18150.0 CE,SELL,1,78.8
2022-11-01 13:35:50,NIFTY 2022-11-03 18150.0 PE,SELL,1,102.55
2022-11-01 13:35:50,NIFTY 2022-11-03 18200.0 CE,BUY,1,56.8
2022-11-01 13:35:50,NIFTY 2022-11-03 18200.0 PE,BUY,1,130.3
2022-11-01 13:35:53,NIFTY 2022-11-03 18200.0 CE,SELL,1,56.8
2022-11-01 13:35:53,NIFTY 2022-11-03 18200.0 PE,SELL,1,130.05
2022-11-01 13:35:53,NIFTY 2022-11-03 18150.0 CE,BUY,1,78.65
2022-11-01 13:35:53,NIFTY 2022-11-03 18150.0 PE,BUY,1,102.15
2022-11-01 13:35:56,NIFTY 2022-11-03 18150.0 CE,SELL,1,79.05
2022-11-01 13:35:56,NIFTY 2022-11-03 18150.0 PE,SELL,1,102.15
2022-11-01 13:35:56,NIFTY 2022-11-03 18200.0 CE,BUY,1,56.95
2022-11-01 13:35:56,NIFTY 2022-11-03 18200.0 PE,BUY,1,130.15
2022-11-01 13:35:57,NIFTY 2022-11-03 18200.0 CE,SELL,1,56.8
2022-11-01 13:35:57,NIFTY 2022-11-03 18200.0 PE,SELL,1,129.85
2022-11-01 13:35:57,NIFTY 2022-11-03 18150.0 CE,BUY,1,78.8
2022-11-01 13:35:57,NIFTY 2022-11-03 18150.0 PE,BUY,1,102.15
2022-11-01 13:35:59,NIFTY 2022-11-03 18150.0 CE,SELL,1,78.9
2022-11-01 13:35:59,NIFTY 2022-11-03 18150.0 PE,SELL,1,102.45
2022-11-01 13:35:59,NIFTY 2022-11-03 18200.0 CE,BUY,1,57.0
2022-11-01 13:35:59,NIFTY 2022-11-03 18200.0 PE,BUY,1,130.2
2022-11-01 13:36:00,NIFTY 2022-11-03 18200.0 CE,SELL,1,56.85
2022-11-01 13:36:00,NIFTY 2022-11-03 18200.0 PE,SELL,1,130.2
2022-11-01 13:36:00,NIFTY 2022-11-03 18150.0 CE,BUY,1,78.85
2022-11-01 13:36:00,NIFTY 2022-11-03 18150.0 PE,BUY,1,102.45
2022-11-01 13:36:03,NIFTY 2022-11-03 18150.0 CE,SELL,1,78.3
2022-11-01 13:36:03,NIFTY 2022-11-03 18150.0 PE,SELL,1,102.6
2022-11-01 13:36:03,NIFTY 2022-11-03 18200.0 CE,BUY,1,56.6
2022-11-01 13:36:03,NIFTY 2022-11-03 18200.0 PE,BUY,1,130.65
2022-11-01 13:36:05,NIFTY 2022-11-03 18200.0 CE,SELL,1,56.75
2022-11-01 13:36:05,NIFTY 2022-11-03 18200.0 PE,SELL,1,130.4
2022-11-01 13:36:05,NIFTY 2022-11-03 18150.0 CE,BUY,1,78.65
2022-11-01 13:36:05,NIFTY 2022-11-03 18150.0 PE,BUY,1,102.5
2022-11-01 13:36:06,NIFTY 2022-11-03 18150.0 CE,SELL,1,78.5
2022-11-01 13:36:06,NIFTY 2022-11-03 18150.0 PE,SELL,1,102.5
2022-11-01 13:36:06,NIFTY 2022-11-03 18200.0 CE,BUY,1,56.75
2022-11-01 13:36:06,NIFTY 2022-11-03 18200.0 PE,BUY,1,130.4
2022-11-01 13:36:08,NIFTY 2022-11-03 18200.0 CE,SELL,1,56.15
2022-11-01 13:36:08,NIFTY 2022-11-03 18200.0 PE,SELL,1,131.35
2022-11-01 13:36:08,NIFTY 2022-11-03 18150.0 CE,BUY,1,77.8
2022-11-01 13:36:08,NIFTY 2022-11-03 18150.0 PE,BUY,1,103.4
2022-11-01 13:36:24,NIFTY 2022-11-03 18150.0 CE,SELL,1,78.4
2022-11-01 13:36:24,NIFTY 2022-11-03 18150.0 PE,SELL,1,102.75
2022-11-01 13:36:24,NIFTY 2022-11-03 18200.0 CE,BUY,1,56.5
2022-11-01 13:36:24,NIFTY 2022-11-03 18200.0 PE,BUY,1,130.85
2022-11-01 13:36:25,NIFTY 2022-11-03 18200.0 CE,SELL,1,56.4
2022-11-01 13:36:25,NIFTY 2022-11-03 18200.0 PE,SELL,1,131.0
2022-11-01 13:36:25,NIFTY 2022-11-03 18150.0 CE,BUY,1,78.35
2022-11-01 13:36:25,NIFTY 2022-11-03 18150.0 PE,BUY,1,103.0
2022-11-01 13:36:28,NIFTY 2022-11-03 18150.0 CE,SELL,1,79.45
2022-11-01 13:36:28,NIFTY 2022-11-03 18150.0 PE,SELL,1,101.8
2022-11-01 13:36:28,NIFTY 2022-11-03 18200.0 CE,BUY,1,57.25
2022-11-01 13:36:28,NIFTY 2022-11-03 18200.0 PE,BUY,1,129.7
2022-11-01 13:37:36,NIFTY 2022-11-03 18200.0 CE,SELL,1,56.6
2022-11-01 13:37:36,NIFTY 2022-11-03 18200.0 PE,SELL,1,130.3
2022-11-01 13:37:36,NIFTY 2022-11-03 18150.0 CE,BUY,1,78.65
2022-11-01 13:37:36,NIFTY 2022-11-03 18150.0 PE,BUY,1,102.4
2022-11-01 13:37:38,NIFTY 2022-11-03 18150.0 CE,SELL,1,78.75
2022-11-01 13:37:38,NIFTY 2022-11-03 18150.0 PE,SELL,1,102.45
2022-11-01 13:37:38,NIFTY 2022-11-03 18200.0 CE,BUY,1,56.75
2022-11-01 13:37:38,NIFTY 2022-11-03 18200.0 PE,BUY,1,130.2
2022-11-01 13:37:41,NIFTY 2022-11-03 18200.0 CE,SELL,1,56.85
2022-11-01 13:37:41,NIFTY 2022-11-03 18200.0 PE,SELL,1,130.65
2022-11-01 13:37:41,NIFTY 2022-11-03 18150.0 CE,BUY,1,78.75
2022-11-01 13:37:41,NIFTY 2022-11-03 18150.0 PE,BUY,1,102.4
2022-11-01 13:37:42,NIFTY 2022-11-03 18150.0 CE,SELL,1,78.65
2022-11-01 13:37:42,NIFTY 2022-11-03 18150.0 PE,SELL,1,102.55
2022-11-01 13:37:42,NIFTY 2022-11-03 18200.0 CE,BUY,1,56.55
2022-11-01 13:37:42,NIFTY 2022-11-03 18200.0 PE,BUY,1,130.7
2022-11-01 13:37:44,NIFTY 2022-11-03 18200.0 CE,SELL,1,56.5
2022-11-01 13:37:44,NIFTY 2022-11-03 18200.0 PE,SELL,1,130.95
2022-11-01 13:37:44,NIFTY 2022-11-03 18150.0 CE,BUY,1,78.45
2022-11-01 13:37:44,NIFTY 2022-11-03 18150.0 PE,BUY,1,102.65
2022-11-01 13:40:55,NIFTY 2022-11-03 18150.0 CE,SELL,1,77.55
2022-11-01 13:40:55,NIFTY 2022-11-03 18150.0 PE,SELL,1,103.3
2022-11-01 13:40:55,NIFTY 2022-11-03 18200.0 CE,BUY,1,55.7
2022-11-01 13:40:55,NIFTY 2022-11-03 18200.0 PE,BUY,1,131.55
2022-11-01 13:40:56,NIFTY 2022-11-03 18200.0 CE,SELL,1,55.65
2022-11-01 13:40:56,NIFTY 2022-11-03 18200.0 PE,SELL,1,131.8
2022-11-01 13:40:56,NIFTY 2022-11-03 18150.0 CE,BUY,1,77.45
2022-11-01 13:40:56,NIFTY 2022-11-03 18150.0 PE,BUY,1,103.7
2022-11-01 13:45:18,NIFTY 2022-11-03 18150.0 CE,SELL,1,78.6
2022-11-01 13:45:18,NIFTY 2022-11-03 18150.0 PE,SELL,1,103.0
2022-11-01 13:45:18,NIFTY 2022-11-03 18200.0 CE,BUY,1,56.35
2022-11-01 13:45:18,NIFTY 2022-11-03 18200.0 PE,BUY,1,130.95
2022-11-01 13:45:22,NIFTY 2022-11-03 18200.0 CE,SELL,1,55.6
2022-11-01 13:45:22,NIFTY 2022-11-03 18200.0 PE,SELL,1,132.05
2022-11-01 13:45:22,NIFTY 2022-11-03 18150.0 CE,BUY,1,77.7
2022-11-01 13:45:22,NIFTY 2022-11-03 18150.0 PE,BUY,1,103.7
2022-11-01 13:45:28,NIFTY 2022-11-03 18150.0 CE,SELL,1,77.45
2022-11-01 13:45:28,NIFTY 2022-11-03 18150.0 PE,SELL,1,103.75
2022-11-01 13:45:28,NIFTY 2022-11-03 18200.0 CE,BUY,1,55.85
2022-11-01 13:45:28,NIFTY 2022-11-03 18200.0 PE,BUY,1,131.7
2022-11-01 13:45:29,NIFTY 2022-11-03 18200.0 CE,SELL,1,55.85
2022-11-01 13:45:29,NIFTY 2022-11-03 18200.0 PE,SELL,1,131.7
2022-11-01 13:45:29,NIFTY 2022-11-03 18150.0 CE,BUY,1,77.45
2022-11-01 13:45:29,NIFTY 2022-11-03 18150.0 PE,BUY,1,103.75
2022-11-01 13:45:34,NIFTY 2022-11-03 18150.0 CE,SELL,1,78.0
2022-11-01 13:45:34,NIFTY 2022-11-03 18150.0 PE,SELL,1,103.2
2022-11-01 13:45:34,NIFTY 2022-11-03 18200.0 CE,BUY,1,56.0
2022-11-01 13:45:34,NIFTY 2022-11-03 18200.0 PE,BUY,1,131.15
2022-11-01 13:45:35,NIFTY 2022-11-03 18200.0 CE,SELL,1,56.2
2022-11-01 13:45:35,NIFTY 2022-11-03 18200.0 PE,SELL,1,131.0
2022-11-01 13:45:35,NIFTY 2022-11-03 18150.0 CE,BUY,1,77.9
2022-11-01 13:45:35,NIFTY 2022-11-03 18150.0 PE,BUY,1,103.15
2022-11-01 13:45:38,NIFTY 2022-11-03 18150.0 CE,SELL,1,77.7
2022-11-01 13:45:38,NIFTY 2022-11-03 18150.0 PE,SELL,1,103.9
2022-11-01 13:45:38,NIFTY 2022-11-03 18200.0 CE,BUY,1,55.95
2022-11-01 13:45:38,NIFTY 2022-11-03 18200.0 PE,BUY,1,131.65
2022-11-01 13:45:41,NIFTY 2022-11-03 18200.0 CE,SELL,1,55.85
2022-11-01 13:45:41,NIFTY 2022-11-03 18200.0 PE,SELL,1,131.45
2022-11-01 13:45:41,NIFTY 2022-11-03 18150.0 CE,BUY,1,77.95
2022-11-01 13:45:41,NIFTY 2022-11-03 18150.0 PE,BUY,1,103.45
2022-11-01 13:45:43,NIFTY 2022-11-03 18150.0 CE,SELL,1,77.75
2022-11-01 13:45:43,NIFTY 2022-11-03 18150.0 PE,SELL,1,103.65
2022-11-01 13:45:43,NIFTY 2022-11-03 18200.0 CE,BUY,1,55.9
2022-11-01 13:45:43,NIFTY 2022-11-03 18200.0 PE,BUY,1,131.55
2022-11-01 13:45:58,NIFTY 2022-11-03 18200.0 CE,SELL,1,55.3
2022-11-01 13:45:58,NIFTY 2022-11-03 18200.0 PE,SELL,1,133.0
2022-11-01 13:45:58,NIFTY 2022-11-03 18150.0 CE,BUY,1,77.0
2022-11-01 13:45:58,NIFTY 2022-11-03 18150.0 PE,BUY,1,104.7
2022-11-01 13:46:10,NIFTY 2022-11-03 18150.0 CE,SELL,1,77.5
2022-11-01 13:46:10,NIFTY 2022-11-03 18150.0 PE,SELL,1,103.8
2022-11-01 13:46:10,NIFTY 2022-11-03 18200.0 CE,BUY,1,55.75
2022-11-01 13:46:10,NIFTY 2022-11-03 18200.0 PE,BUY,1,131.9
2022-11-01 13:46:12,NIFTY 2022-11-03 18200.0 CE,SELL,1,55.4
2022-11-01 13:46:12,NIFTY 2022-11-03 18200.0 PE,SELL,1,132.25
2022-11-01 13:46:12,NIFTY 2022-11-03 18150.0 CE,BUY,1,77.15
2022-11-01 13:46:12,NIFTY 2022-11-03 18150.0 PE,BUY,1,104.0
2022-11-01 13:46:59,NIFTY 2022-11-03 18150.0 CE,SELL,1,78.1
2022-11-01 13:46:59,NIFTY 2022-11-03 18150.0 PE,SELL,1,102.85
2022-11-01 13:46:59,NIFTY 2022-11-03 18200.0 CE,BUY,1,56.3
2022-11-01 13:46:59,NIFTY 2022-11-03 18200.0 PE,BUY,1,131.5
2022-11-01 13:47:02,NIFTY 2022-11-03 18200.0 CE,SELL,1,56.15
2022-11-01 13:47:02,NIFTY 2022-11-03 18200.0 PE,SELL,1,131.4
2022-11-01 13:47:02,NIFTY 2022-11-03 18150.0 CE,BUY,1,77.9
2022-11-01 13:47:02,NIFTY 2022-11-03 18150.0 PE,BUY,1,103.0
2022-11-01 13:47:11,NIFTY 2022-11-03 18150.0 CE,SELL,1,77.9
2022-11-01 13:47:11,NIFTY 2022-11-03 18150.0 PE,SELL,1,103.45
2022-11-01 13:47:11,NIFTY 2022-11-03 18200.0 CE,BUY,1,55.95
2022-11-01 13:47:11,NIFTY 2022-11-03 18200.0 PE,BUY,1,131.9
2022-11-01 13:47:12,NIFTY 2022-11-03 18200.0 CE,SELL,1,56.1
2022-11-01 13:47:12,NIFTY 2022-11-03 18200.0 PE,SELL,1,131.7
2022-11-01 13:47:12,NIFTY 2022-11-03 18150.0 CE,BUY,1,77.95
2022-11-01 13:47:12,NIFTY 2022-11-03 18150.0 PE,BUY,1,103.2
2022-11-01 13:47:55,NIFTY 2022-11-03 18150.0 CE,SELL,1,77.8
2022-11-01 13:47:55,NIFTY 2022-11-03 18150.0 PE,SELL,1,103.25
2022-11-01 13:47:55,NIFTY 2022-11-03 18200.0 CE,BUY,1,55.8
2022-11-01 13:47:55,NIFTY 2022-11-03 18200.0 PE,BUY,1,131.7
2022-11-01 13:47:56,NIFTY 2022-11-03 18200.0 CE,SELL,1,55.85
2022-11-01 13:47:56,NIFTY 2022-11-03 18200.0 PE,SELL,1,131.7
2022-11-01 13:47:56,NIFTY 2022-11-03 18150.0 CE,BUY,1,77.8
2022-11-01 13:47:56,NIFTY 2022-11-03 18150.0 PE,BUY,1,103.25
2022-11-01 13:48:01,NIFTY 2022-11-03 18150.0 CE,SELL,1,78.05
2022-11-01 13:48:01,NIFTY 2022-11-03 18150.0 PE,SELL,1,103.05
2022-11-01 13:48:01,NIFTY 2022-11-03 18200.0 CE,BUY,1,56.1
2022-11-01 13:48:01,NIFTY 2022-11-03 18200.0 PE,BUY,1,131.55
2022-11-01 13:55:44,NIFTY 2022-11-03 18200.0 CE,SELL,1,58.0
2022-11-01 13:55:44,NIFTY 2022-11-03 18200.0 PE,SELL,1,130.45
2022-11-01 13:55:44,NIFTY 2022-11-03 18150.0 CE,BUY,1,79.9
2022-11-01 13:55:44,NIFTY 2022-11-03 18150.0 PE,BUY,1,102.5
2022-11-01 13:55:48,NIFTY 2022-11-03 18150.0 CE,SELL,1,79.8
2022-11-01 13:55:48,NIFTY 2022-11-03 18150.0 PE,SELL,1,102.4
2022-11-01 13:55:48,NIFTY 2022-11-03 18200.0 CE,BUY,1,57.95
2022-11-01 13:55:48,NIFTY 2022-11-03 18200.0 PE,BUY,1,130.5
2022-11-01 13:55:50,NIFTY 2022-11-03 18200.0 CE,SELL,1,57.95
2022-11-01 13:55:50,NIFTY 2022-11-03 18200.0 PE,SELL,1,130.55
2022-11-01 13:55:50,NIFTY 2022-11-03 18150.0 CE,BUY,1,79.6
2022-11-01 13:55:50,NIFTY 2022-11-03 18150.0 PE,BUY,1,102.5
2022-11-01 13:55:51,NIFTY 2022-11-03 18150.0 CE,SELL,1,79.6
2022-11-01 13:55:51,NIFTY 2022-11-03 18150.0 PE,SELL,1,103.0
2022-11-01 13:55:51,NIFTY 2022-11-03 18200.0 CE,BUY,1,57.95
2022-11-01 13:55:51,NIFTY 2022-11-03 18200.0 PE,BUY,1,131.2
2022-11-01 13:55:52,NIFTY 2022-11-03 18200.0 CE,SELL,1,57.4
2022-11-01 13:55:52,NIFTY 2022-11-03 18200.0 PE,SELL,1,130.85
2022-11-01 13:55:52,NIFTY 2022-11-03 18150.0 CE,BUY,1,79.1
2022-11-01 13:55:52,NIFTY 2022-11-03 18150.0 PE,BUY,1,102.85
2022-11-01 13:56:16,NIFTY 2022-11-03 18150.0 CE,SELL,1,78.7
2022-11-01 13:56:16,NIFTY 2022-11-03 18150.0 PE,SELL,1,102.85
2022-11-01 13:56:16,NIFTY 2022-11-03 18200.0 CE,BUY,1,57.0
2022-11-01 13:56:16,NIFTY 2022-11-03 18200.0 PE,BUY,1,131.25
2022-11-01 13:56:17,NIFTY 2022-11-03 18200.0 CE,SELL,1,56.8
2022-11-01 13:56:17,NIFTY 2022-11-03 18200.0 PE,SELL,1,131.25
2022-11-01 13:56:17,NIFTY 2022-11-03 18150.0 CE,BUY,1,78.65
2022-11-01 13:56:17,NIFTY 2022-11-03 18150.0 PE,BUY,1,102.85
2022-11-01 13:56:31,NIFTY 2022-11-03 18150.0 CE,SELL,1,78.95
2022-11-01 13:56:31,NIFTY 2022-11-03 18150.0 PE,SELL,1,103.15
2022-11-01 13:56:31,NIFTY 2022-11-03 18200.0 CE,BUY,1,57.15
2022-11-01 13:56:31,NIFTY 2022-11-03 18200.0 PE,BUY,1,131.1
2022-11-01 13:56:32,NIFTY 2022-11-03 18200.0 CE,SELL,1,57.35
2022-11-01 13:56:32,NIFTY 2022-11-03 18200.0 PE,SELL,1,130.6
2022-11-01 13:56:32,NIFTY 2022-11-03 18150.0 CE,BUY,1,79.2
2022-11-01 13:56:32,NIFTY 2022-11-03 18150.0 PE,BUY,1,102.5
2022-11-01 13:56:33,NIFTY 2022-11-03 18150.0 CE,SELL,1,79.5
2022-11-01 13:56:33,NIFTY 2022-11-03 18150.0 PE,SELL,1,101.85
2022-11-01 13:56:33,NIFTY 2022-11-03 18200.0 CE,BUY,1,57.7
2022-11-01 13:56:33,NIFTY 2022-11-03 18200.0 PE,BUY,1,130.6
2022-11-01 13:56:37,NIFTY 2022-11-03 18200.0 CE,SELL,1,57.7
2022-11-01 13:56:37,NIFTY 2022-11-03 18200.0 PE,SELL,1,129.5
2022-11-01 13:56:37,NIFTY 2022-11-03 18150.0 CE,BUY,1,79.85
2022-11-01 13:56:37,NIFTY 2022-11-03 18150.0 PE,BUY,1,101.7
2022-11-01 13:56:39,NIFTY 2022-11-03 18150.0 CE,SELL,1,79.9
2022-11-01 13:56:39,NIFTY 2022-11-03 18150.0 PE,SELL,1,101.85
2022-11-01 13:56:39,NIFTY 2022-11-03 18200.0 CE,BUY,1,58.0
2022-11-01 13:56:39,NIFTY 2022-11-03 18200.0 PE,BUY,1,129.45
2022-11-01 13:56:41,NIFTY 2022-11-03 18200.0 CE,SELL,1,57.6
2022-11-01 13:56:41,NIFTY 2022-11-03 18200.0 PE,SELL,1,130.35
2022-11-01 13:56:41,NIFTY 2022-11-03 18150.0 CE,BUY,1,79.5
2022-11-01 13:56:41,NIFTY 2022-11-03 18150.0 PE,BUY,1,102.6
2022-11-01 13:56:42,NIFTY 2022-11-03 18150.0 CE,SELL,1,79.45
2022-11-01 13:56:42,NIFTY 2022-11-03 18150.0 PE,SELL,1,102.55
2022-11-01 13:56:42,NIFTY 2022-11-03 18200.0 CE,BUY,1,57.55
2022-11-01 13:56:42,NIFTY 2022-11-03 18200.0 PE,BUY,1,130.35
2022-11-01 13:56:43,NIFTY 2022-11-03 18200.0 CE,SELL,1,57.35
2022-11-01 13:56:43,NIFTY 2022-11-03 18200.0 PE,SELL,1,130.35
2022-11-01 13:56:43,NIFTY 2022-11-03 18150.0 CE,BUY,1,79.15
2022-11-01 13:56:43,NIFTY 2022-11-03 18150.0 PE,BUY,1,102.9
2022-11-01 13:56:46,NIFTY 2022-11-03 18150.0 CE,SELL,1,79.0
2022-11-01 13:56:46,NIFTY 2022-11-03 18150.0 PE,SELL,1,102.65
2022-11-01 13:56:46,NIFTY 2022-11-03 18200.0 CE,BUY,1,57.4
2022-11-01 13:56:46,NIFTY 2022-11-03 18200.0 PE,BUY,1,130.6
2022-11-01 13:56:47,NIFTY 2022-11-03 18200.0 CE,SELL,1,57.65
2022-11-01 13:56:47,NIFTY 2022-11-03 18200.0 PE,SELL,1,130.7
2022-11-01 13:56:47,NIFTY 2022-11-03 18150.0 CE,BUY,1,79.45
2022-11-01 13:56:47,NIFTY 2022-11-03 18150.0 PE,BUY,1,102.65
2022-11-01 13:56:49,NIFTY 2022-11-03 18150.0 CE,SELL,1,79.3
2022-11-01 13:56:49,NIFTY 2022-11-03 18150.0 PE,SELL,1,102.45
2022-11-01 13:56:49,NIFTY 2022-11-03 18200.0 CE,BUY,1,57.6
2022-11-01 13:56:49,NIFTY 2022-11-03 18200.0 PE,BUY,1,130.7
2022-11-01 13:56:50,NIFTY 2022-11-03 18200.0 CE,SELL,1,57.45
2022-11-01 13:56:50,NIFTY 2022-11-03 18200.0 PE,SELL,1,130.4
2022-11-01 13:56:50,NIFTY 2022-11-03 18150.0 CE,BUY,1,79.45
2022-11-01 13:56:50,NIFTY 2022-11-03 18150.0 PE,BUY,1,102.6
2022-11-01 13:56:52,NIFTY 2022-11-03 18150.0 CE,SELL,1,79.45
2022-11-01 13:56:52,NIFTY 2022-11-03 18150.0 PE,SELL,1,102.6
2022-11-01 13:56:52,NIFTY 2022-11-03 18200.0 CE,BUY,1,57.6
2022-11-01 13:56:52,NIFTY 2022-11-03 18200.0 PE,BUY,1,130.45
2022-11-01 13:56:55,NIFTY 2022-11-03 18200.0 CE,SELL,1,57.7
2022-11-01 13:56:55,NIFTY 2022-11-03 18200.0 PE,SELL,1,130.4
2022-11-01 13:56:55,NIFTY 2022-11-03 18150.0 CE,BUY,1,79.6
2022-11-01 13:56:55,NIFTY 2022-11-03 18150.0 PE,BUY,1,102.65
2022-11-01 13:56:56,NIFTY 2022-11-03 18150.0 CE,SELL,1,79.15
2022-11-01 13:56:56,NIFTY 2022-11-03 18150.0 PE,SELL,1,102.65
2022-11-01 13:56:56,NIFTY 2022-11-03 18200.0 CE,BUY,1,57.3
2022-11-01 13:56:56,NIFTY 2022-11-03 18200.0 PE,BUY,1,130.4
2022-11-01 13:56:58,NIFTY 2022-11-03 18200.0 CE,SELL,1,57.3
2022-11-01 13:56:58,NIFTY 2022-11-03 18200.0 PE,SELL,1,131.0
2022-11-01 13:56:58,NIFTY 2022-11-03 18150.0 CE,BUY,1,79.1
2022-11-01 13:56:58,NIFTY 2022-11-03 18150.0 PE,BUY,1,103.05
2022-11-01 13:57:00,NIFTY 2022-11-03 18150.0 CE,SELL,1,78.9
2022-11-01 13:57:00,NIFTY 2022-11-03 18150.0 PE,SELL,1,103.15
2022-11-01 13:57:00,NIFTY 2022-11-03 18200.0 CE,BUY,1,57.2
2022-11-01 13:57:00,NIFTY 2022-11-03 18200.0 PE,BUY,1,131.3
2022-11-01 13:57:02,NIFTY 2022-11-03 18200.0 CE,SELL,1,56.4
2022-11-01 13:57:02,NIFTY 2022-11-03 18200.0 PE,SELL,1,132.5
2022-11-01 13:57:02,NIFTY 2022-11-03 18150.0 CE,BUY,1,78.2
2022-11-01 13:57:02,NIFTY 2022-11-03 18150.0 PE,BUY,1,104.35
2022-11-01 13:57:11,NIFTY 2022-11-03 18150.0 CE,SELL,1,79.0
2022-11-01 13:57:11,NIFTY 2022-11-03 18150.0 PE,SELL,1,103.0
2022-11-01 13:57:11,NIFTY 2022-11-03 18200.0 CE,BUY,1,57.15
2022-11-01 13:57:11,NIFTY 2022-11-03 18200.0 PE,BUY,1,130.85
2022-11-01 13:57:26,NIFTY 2022-11-03 18200.0 CE,SELL,1,57.05
2022-11-01 13:57:26,NIFTY 2022-11-03 18200.0 PE,SELL,1,131.7
2022-11-01 13:57:26,NIFTY 2022-11-03 18150.0 CE,BUY,1,78.7
2022-11-01 13:57:26,NIFTY 2022-11-03 18150.0 PE,BUY,1,103.5
2022-11-01 13:57:27,NIFTY 2022-11-03 18150.0 CE,SELL,1,78.65
2022-11-01 13:57:27,NIFTY 2022-11-03 18150.0 PE,SELL,1,103.5
2022-11-01 13:57:27,NIFTY 2022-11-03 18200.0 CE,BUY,1,56.7
2022-11-01 13:57:27,NIFTY 2022-11-03 18200.0 PE,BUY,1,131.8
2022-11-01 13:57:28,NIFTY 2022-11-03 18200.0 CE,SELL,1,56.85
2022-11-01 13:57:28,NIFTY 2022-11-03 18200.0 PE,SELL,1,131.7
2022-11-01 13:57:28,NIFTY 2022-11-03 18150.0 CE,BUY,1,78.65
2022-11-01 13:57:28,NIFTY 2022-11-03 18150.0 PE,BUY,1,103.4
2022-11-01 13:57:57,NIFTY 2022-11-03 18150.0 CE,SELL,1,80.05
2022-11-01 13:57:57,NIFTY 2022-11-03 18150.0 PE,SELL,1,102.5
2022-11-01 13:57:57,NIFTY 2022-11-03 18200.0 CE,BUY,1,57.95
2022-11-01 13:57:57,NIFTY 2022-11-03 18200.0 PE,BUY,1,130.0
2022-11-01 13:58:23,NIFTY 2022-11-03 18200.0 CE,SELL,1,56.65
2022-11-01 13:58:23,NIFTY 2022-11-03 18200.0 PE,SELL,1,131.5
2022-11-01 13:58:23,NIFTY 2022-11-03 18150.0 CE,BUY,1,78.35
2022-11-01 13:58:23,NIFTY 2022-11-03 18150.0 PE,BUY,1,103.4
2022-11-01 13:58:26,NIFTY 2022-11-03 18150.0 CE,SELL,1,78.8
2022-11-01 13:58:26,NIFTY 2022-11-03 18150.0 PE,SELL,1,103.4
2022-11-01 13:58:26,NIFTY 2022-11-03 18200.0 CE,BUY,1,57.0
2022-11-01 13:58:26,NIFTY 2022-11-03 18200.0 PE,BUY,1,131.4
2022-11-01 13:58:32,NIFTY 2022-11-03 18200.0 CE,SELL,1,56.85
2022-11-01 13:58:32,NIFTY 2022-11-03 18200.0 PE,SELL,1,131.7
2022-11-01 13:58:32,NIFTY 2022-11-03 18150.0 CE,BUY,1,78.8
2022-11-01 13:58:32,NIFTY 2022-11-03 18150.0 PE,BUY,1,103.55
2022-11-01 13:59:28,BANKNIFTY 2022-11-03 41500.0 CE,SELL,1,201.3
2022-11-01 13:59:28,BANKNIFTY 2022-11-03 41500.0 PE,SELL,1,393.95
2022-11-01 13:59:28,BANKNIFTY 2022-11-03 41400.0 CE,BUY,1,248.5
2022-11-01 13:59:28,BANKNIFTY 2022-11-03 41400.0 PE,BUY,1,336.4
2022-11-01 13:59:39,BANKNIFTY 2022-11-03 41400.0 CE,SELL,1,250.75
2022-11-01 13:59:39,BANKNIFTY 2022-11-03 41400.0 PE,SELL,1,330.55
2022-11-01 13:59:39,BANKNIFTY 2022-11-03 41500.0 CE,BUY,1,205.2
2022-11-01 13:59:39,BANKNIFTY 2022-11-03 41500.0 PE,BUY,1,386.0
2022-11-01 13:59:59,BANKNIFTY 2022-11-03 41500.0 CE,SELL,1,204.85
2022-11-01 13:59:59,BANKNIFTY 2022-11-03 41500.0 PE,SELL,1,389.1
2022-11-01 13:59:59,BANKNIFTY 2022-11-03 41400.0 CE,BUY,1,249.75
2022-11-01 13:59:59,BANKNIFTY 2022-11-03 41400.0 PE,BUY,1,334.0
2022-11-01 14:00:09,BANKNIFTY 2022-11-03 41400.0 CE,SELL,1,251.95
2022-11-01 14:00:09,BANKNIFTY 2022-11-03 41400.0 PE,SELL,1,330.05
2022-11-01 14:00:09,BANKNIFTY 2022-11-03 41500.0 CE,BUY,1,206.6
2022-11-01 14:00:09,BANKNIFTY 2022-11-03 41500.0 PE,BUY,1,384.7
2022-11-01 14:00:18,BANKNIFTY 2022-11-03 41500.0 CE,SELL,1,204.35
2022-11-01 14:00:18,BANKNIFTY 2022-11-03 41500.0 PE,SELL,1,388.0
2022-11-01 14:00:18,BANKNIFTY 2022-11-03 41400.0 CE,BUY,1,250.25
2022-11-01 14:00:18,BANKNIFTY 2022-11-03 41400.0 PE,BUY,1,332.65
2022-11-01 14:00:19,BANKNIFTY 2022-11-03 41400.0 CE,SELL,1,251.0
2022-11-01 14:00:19,BANKNIFTY 2022-11-03 41400.0 PE,SELL,1,331.2
2022-11-01 14:00:19,BANKNIFTY 2022-11-03 41500.0 CE,BUY,1,205.45
2022-11-01 14:00:19,BANKNIFTY 2022-11-03 41500.0 PE,BUY,1,386.8
2022-11-01 14:00:28,BANKNIFTY 2022-11-03 41500.0 CE,SELL,1,205.85
2022-11-01 14:00:28,BANKNIFTY 2022-11-03 41500.0 PE,SELL,1,386.0
2022-11-01 14:00:28,BANKNIFTY 2022-11-03 41400.0 CE,BUY,1,251.8
2022-11-01 14:00:28,BANKNIFTY 2022-11-03 41400.0 PE,BUY,1,330.9
2022-11-01 14:00:29,BANKNIFTY 2022-11-03 41400.0 CE,SELL,1,252.0
2022-11-01 14:00:29,BANKNIFTY 2022-11-03 41400.0 PE,SELL,1,331.7
2022-11-01 14:00:29,BANKNIFTY 2022-11-03 41500.0 CE,BUY,1,206.35
2022-11-01 14:00:29,BANKNIFTY 2022-11-03 41500.0 PE,BUY,1,385.7
2022-11-01 14:16:11,NIFTY 2022-11-03 18150.0 CE,SELL,1,80.1
2022-11-01 14:16:11,NIFTY 2022-11-03 18150.0 PE,SELL,1,101.55
2022-11-01 14:16:11,NIFTY 2022-11-03 18200.0 CE,BUY,1,57.7
2022-11-01 14:16:11,NIFTY 2022-11-03 18200.0 PE,BUY,1,129.1
2022-11-01 14:20:36,NIFTY 2022-11-03 18200.0 CE,SELL,1,56.5
2022-11-01 14:20:36,NIFTY 2022-11-03 18200.0 PE,SELL,1,132.55
2022-11-01 14:20:36,NIFTY 2022-11-03 18150.0 CE,BUY,1,78.35
2022-11-01 14:20:36,NIFTY 2022-11-03 18150.0 PE,BUY,1,104.35
2022-11-01 14:20:44,NIFTY 2022-11-03 18150.0 CE,SELL,1,79.3
2022-11-01 14:20:44,NIFTY 2022-11-03 18150.0 PE,SELL,1,103.35
2022-11-01 14:20:44,NIFTY 2022-11-03 18200.0 CE,BUY,1,57.25
2022-11-01 14:20:44,NIFTY 2022-11-03 18200.0 PE,BUY,1,131.3
2022-11-01 14:20:49,NIFTY 2022-11-03 18200.0 CE,SELL,1,56.9
2022-11-01 14:20:49,NIFTY 2022-11-03 18200.0 PE,SELL,1,132.05
2022-11-01 14:20:49,NIFTY 2022-11-03 18150.0 CE,BUY,1,78.9
2022-11-01 14:20:49,NIFTY 2022-11-03 18150.0 PE,BUY,1,104.05
2022-11-01 14:20:59,NIFTY 2022-11-03 18150.0 CE,SELL,1,79.75
2022-11-01 14:20:59,NIFTY 2022-11-03 18150.0 PE,SELL,1,102.7
2022-11-01 14:20:59,NIFTY 2022-11-03 18200.0 CE,BUY,1,57.5
2022-11-01 14:20:59,NIFTY 2022-11-03 18200.0 PE,BUY,1,130.45
2022-11-01 14:21:23,NIFTY 2022-11-03 18200.0 CE,SELL,1,56.55
2022-11-01 14:21:23,NIFTY 2022-11-03 18200.0 PE,SELL,1,132.75
2022-11-01 14:21:23,NIFTY 2022-11-03 18150.0 CE,BUY,1,78.55
2022-11-01 14:21:23,NIFTY 2022-11-03 18150.0 PE,BUY,1,104.8
2022-11-01 14:21:25,NIFTY 2022-11-03 18150.0 CE,SELL,1,78.8
2022-11-01 14:21:25,NIFTY 2022-11-03 18150.0 PE,SELL,1,104.3
2022-11-01 14:21:25,NIFTY 2022-11-03 18200.0 CE,BUY,1,56.95
2022-11-01 14:21:25,NIFTY 2022-11-03 18200.0 PE,BUY,1,132.6
2022-11-01 14:21:27,NIFTY 2022-11-03 18200.0 CE,SELL,1,56.65
2022-11-01 14:21:27,NIFTY 2022-11-03 18200.0 PE,SELL,1,133.1
2022-11-01 14:21:27,NIFTY 2022-11-03 18150.0 CE,BUY,1,78.45
2022-11-01 14:21:27,NIFTY 2022-11-03 18150.0 PE,BUY,1,104.8
2022-11-01 14:21:31,NIFTY 2022-11-03 18150.0 CE,SELL,1,78.8
2022-11-01 14:21:31,NIFTY 2022-11-03 18150.0 PE,SELL,1,104.55
2022-11-01 14:21:31,NIFTY 2022-11-03 18200.0 CE,BUY,1,56.75
2022-11-01 14:21:31,NIFTY 2022-11-03 18200.0 PE,BUY,1,132.2
2022-11-01 14:22:12,NIFTY 2022-11-03 18200.0 CE,SELL,1,56.95
2022-11-01 14:22:12,NIFTY 2022-11-03 18200.0 PE,SELL,1,132.7
2022-11-01 14:22:12,NIFTY 2022-11-03 18150.0 CE,BUY,1,78.95
2022-11-01 14:22:12,NIFTY 2022-11-03 18150.0 PE,BUY,1,104.35
2022-11-01 14:22:14,NIFTY 2022-11-03 18150.0 CE,SELL,1,79.25
2022-11-01 14:22:14,NIFTY 2022-11-03 18150.0 PE,SELL,1,103.85
2022-11-01 14:22:14,NIFTY 2022-11-03 18200.0 CE,BUY,1,57.2
2022-11-01 14:22:14,NIFTY 2022-11-03 18200.0 PE,BUY,1,131.85
2022-11-01 14:22:24,NIFTY 2022-11-03 18200.0 CE,SELL,1,57.4
2022-11-01 14:22:24,NIFTY 2022-11-03 18200.0 PE,SELL,1,132.0
2022-11-01 14:22:24,NIFTY 2022-11-03 18150.0 CE,BUY,1,79.35
2022-11-01 14:22:24,NIFTY 2022-11-03 18150.0 PE,BUY,1,104.4
2022-11-01 14:22:26,NIFTY 2022-11-03 18150.0 CE,SELL,1,79.7
2022-11-01 14:22:26,NIFTY 2022-11-03 18150.0 PE,SELL,1,104.1
2022-11-01 14:22:26,NIFTY 2022-11-03 18200.0 CE,BUY,1,57.6
2022-11-01 14:22:26,NIFTY 2022-11-03 18200.0 PE,BUY,1,131.95
2022-11-01 14:22:39,NIFTY 2022-11-03 18200.0 CE,SELL,1,56.95
2022-11-01 14:22:39,NIFTY 2022-11-03 18200.0 PE,SELL,1,133.1
2022-11-01 14:22:39,NIFTY 2022-11-03 18150.0 CE,BUY,1,78.95
2022-11-01 14:22:39,NIFTY 2022-11-03 18150.0 PE,BUY,1,104.9
2022-11-01 14:22:48,NIFTY 2022-11-03 18150.0 CE,SELL,1,79.45
2022-11-01 14:22:48,NIFTY 2022-11-03 18150.0 PE,SELL,1,103.6
2022-11-01 14:22:48,NIFTY 2022-11-03 18200.0 CE,BUY,1,57.45
2022-11-01 14:22:48,NIFTY 2022-11-03 18200.0 PE,BUY,1,131.55
2022-11-01 14:24:29,NIFTY 2022-11-03 18200.0 CE,SELL,1,57.05
2022-11-01 14:24:29,NIFTY 2022-11-03 18200.0 PE,SELL,1,132.55
2022-11-01 14:24:29,NIFTY 2022-11-03 18150.0 CE,BUY,1,79.0
2022-11-01 14:24:29,NIFTY 2022-11-03 18150.0 PE,BUY,1,104.55
2022-11-01 14:24:32,NIFTY 2022-11-03 18150.0 CE,SELL,1,78.85
2022-11-01 14:24:32,NIFTY 2022-11-03 18150.0 PE,SELL,1,104.45
2022-11-01 14:24:32,NIFTY 2022-11-03 18200.0 CE,BUY,1,57.05
2022-11-01 14:24:32,NIFTY 2022-11-03 18200.0 PE,BUY,1,132.8
2022-11-01 14:24:34,NIFTY 2022-11-03 18200.0 CE,SELL,1,56.85
2022-11-01 14:24:34,NIFTY 2022-11-03 18200.0 PE,SELL,1,133.0
2022-11-01 14:24:34,NIFTY 2022-11-03 18150.0 CE,BUY,1,78.75
2022-11-01 14:24:34,NIFTY 2022-11-03 18150.0 PE,BUY,1,104.8
2022-11-01 14:25:51,NIFTY 2022-11-03 18150.0 CE,SELL,1,78.85
2022-11-01 14:25:51,NIFTY 2022-11-03 18150.0 PE,SELL,1,104.2
2022-11-01 14:25:51,NIFTY 2022-11-03 18200.0 CE,BUY,1,57.0
2022-11-01 14:25:51,NIFTY 2022-11-03 18200.0 PE,BUY,1,132.25
2022-11-01 14:25:52,NIFTY 2022-11-03 18200.0 CE,SELL,1,56.9
2022-11-01 14:25:52,NIFTY 2022-11-03 18200.0 PE,SELL,1,132.4
2022-11-01 14:25:52,NIFTY 2022-11-03 18150.0 CE,BUY,1,78.7
2022-11-01 14:25:52,NIFTY 2022-11-03 18150.0 PE,BUY,1,104.45
2022-11-01 14:25:54,NIFTY 2022-11-03 18150.0 CE,SELL,1,78.9
2022-11-01 14:25:54,NIFTY 2022-11-03 18150.0 PE,SELL,1,104.3
2022-11-01 14:25:54,NIFTY 2022-11-03 18200.0 CE,BUY,1,56.9
2022-11-01 14:25:54,NIFTY 2022-11-03 18200.0 PE,BUY,1,132.1
2022-11-01 14:25:57,NIFTY 2022-11-03 18200.0 CE,SELL,1,56.75
2022-11-01 14:25:57,NIFTY 2022-11-03 18200.0 PE,SELL,1,133.4
2022-11-01 14:25:57,NIFTY 2022-11-03 18150.0 CE,BUY,1,78.4
2022-11-01 14:25:57,NIFTY 2022-11-03 18150.0 PE,BUY,1,105.25
2022-11-01 14:30:00,BANKNIFTY 2022-11-03 41500.0 CE,SELL,1,207.6
2022-11-01 14:30:00,BANKNIFTY 2022-11-03 41500.0 PE,SELL,1,390.95
2022-11-01 14:30:00,BANKNIFTY 2022-11-03 41400.0 CE,BUY,1,254.35
2022-11-01 14:30:00,BANKNIFTY 2022-11-03 41400.0 PE,BUY,1,334.05
2022-11-01 14:30:03,BANKNIFTY 2022-11-03 41400.0 CE,SELL,1,256.2
2022-11-01 14:30:03,BANKNIFTY 2022-11-03 41400.0 PE,SELL,1,332.8
2022-11-01 14:30:03,BANKNIFTY 2022-11-03 41500.0 CE,BUY,1,210.0
2022-11-01 14:30:03,BANKNIFTY 2022-11-03 41500.0 PE,BUY,1,389.1
2022-11-01 14:30:46,NIFTY 2022-11-03 18150.0 CE,SELL,1,78.7
2022-11-01 14:30:46,NIFTY 2022-11-03 18150.0 PE,SELL,1,104.15
2022-11-01 14:30:46,NIFTY 2022-11-03 18200.0 CE,BUY,1,56.8
2022-11-01 14:30:46,NIFTY 2022-11-03 18200.0 PE,BUY,1,132.55
2022-11-01 14:31:09,NIFTY 2022-11-03 18200.0 CE,SELL,1,57.1
2022-11-01 14:31:09,NIFTY 2022-11-03 18200.0 PE,SELL,1,131.7
2022-11-01 14:31:09,NIFTY 2022-11-03 18150.0 CE,BUY,1,79.05
2022-11-01 14:31:09,NIFTY 2022-11-03 18150.0 PE,BUY,1,104.2
2022-11-01 14:31:17,NIFTY 2022-11-03 18150.0 CE,SELL,1,79.25
2022-11-01 14:31:17,NIFTY 2022-11-03 18150.0 PE,SELL,1,103.95
2022-11-01 14:31:17,NIFTY 2022-11-03 18200.0 CE,BUY,1,57.3
2022-11-01 14:31:17,NIFTY 2022-11-03 18200.0 PE,BUY,1,132.0
2022-11-01 14:31:19,NIFTY 2022-11-03 18200.0 CE,SELL,1,56.85
2022-11-01 14:31:19,NIFTY 2022-11-03 18200.0 PE,SELL,1,133.0
2022-11-01 14:31:19,NIFTY 2022-11-03 18150.0 CE,BUY,1,78.95
2022-11-01 14:31:19,NIFTY 2022-11-03 18150.0 PE,BUY,1,104.9
2022-11-01 14:35:43,NIFTY 2022-11-03 18150.0 CE,SELL,1,79.05
2022-11-01 14:35:43,NIFTY 2022-11-03 18150.0 PE,SELL,1,103.6
2022-11-01 14:35:43,NIFTY 2022-11-03 18200.0 CE,BUY,1,57.05
2022-11-01 14:35:43,NIFTY 2022-11-03 18200.0 PE,BUY,1,131.3
2022-11-01 14:36:34,NIFTY 2022-11-03 18200.0 CE,SELL,1,57.45
2022-11-01 14:36:34,NIFTY 2022-11-03 18200.0 PE,SELL,1,131.3
2022-11-01 14:36:34,NIFTY 2022-11-03 18150.0 CE,BUY,1,79.75
2022-11-01 14:36:34,NIFTY 2022-11-03 18150.0 PE,BUY,1,103.6
2022-11-01 14:36:35,NIFTY 2022-11-03 18150.0 CE,SELL,1,79.75
2022-11-01 14:36:35,NIFTY 2022-11-03 18150.0 PE,SELL,1,103.6
2022-11-01 14:36:35,NIFTY 2022-11-03 18200.0 CE,BUY,1,57.55
2022-11-01 14:36:35,NIFTY 2022-11-03 18200.0 PE,BUY,1,131.3
2022-11-01 14:37:21,NIFTY 2022-11-03 18200.0 CE,SELL,1,56.65
2022-11-01 14:37:21,NIFTY 2022-11-03 18200.0 PE,SELL,1,132.7
2022-11-01 14:37:21,NIFTY 2022-11-03 18150.0 CE,BUY,1,78.45
2022-11-01 14:37:21,NIFTY 2022-11-03 18150.0 PE,BUY,1,105.05
2022-11-01 14:37:43,NIFTY 2022-11-03 18150.0 CE,SELL,1,78.95
2022-11-01 14:37:43,NIFTY 2022-11-03 18150.0 PE,SELL,1,104.0
2022-11-01 14:37:43,NIFTY 2022-11-03 18200.0 CE,BUY,1,57.0
2022-11-01 14:37:43,NIFTY 2022-11-03 18200.0 PE,BUY,1,132.15
2022-11-01 14:37:44,NIFTY 2022-11-03 18200.0 CE,SELL,1,57.0
2022-11-01 14:37:44,NIFTY 2022-11-03 18200.0 PE,SELL,1,132.7
2022-11-01 14:37:44,NIFTY 2022-11-03 18150.0 CE,BUY,1,78.9
2022-11-01 14:37:44,NIFTY 2022-11-03 18150.0 PE,BUY,1,104.2
2022-11-01 14:37:46,NIFTY 2022-11-03 18150.0 CE,SELL,1,78.55
2022-11-01 14:37:46,NIFTY 2022-11-03 18150.0 PE,SELL,1,104.65
2022-11-01 14:37:46,NIFTY 2022-11-03 18200.0 CE,BUY,1,56.7
2022-11-01 14:37:46,NIFTY 2022-11-03 18200.0 PE,BUY,1,133.0
2022-11-01 14:37:57,NIFTY 2022-11-03 18200.0 CE,SELL,1,56.8
2022-11-01 14:37:57,NIFTY 2022-11-03 18200.0 PE,SELL,1,133.45
2022-11-01 14:37:57,NIFTY 2022-11-03 18150.0 CE,BUY,1,78.6
2022-11-01 14:37:57,NIFTY 2022-11-03 18150.0 PE,BUY,1,105.15
2022-11-01 14:40:04,BANKNIFTY 2022-11-03 41500.0 CE,SELL,1,206.6
2022-11-01 14:40:04,BANKNIFTY 2022-11-03 41500.0 PE,SELL,1,390.55
2022-11-01 14:40:04,BANKNIFTY 2022-11-03 41400.0 CE,BUY,1,252.05
2022-11-01 14:40:04,BANKNIFTY 2022-11-03 41400.0 PE,BUY,1,334.45
2022-11-01 14:40:07,BANKNIFTY 2022-11-03 41400.0 CE,SELL,1,252.4
2022-11-01 14:40:07,BANKNIFTY 2022-11-03 41400.0 PE,SELL,1,334.95
2022-11-01 14:40:07,BANKNIFTY 2022-11-03 41500.0 CE,BUY,1,206.65
2022-11-01 14:40:07,BANKNIFTY 2022-11-03 41500.0 PE,BUY,1,392.0
2022-11-01 14:40:13,BANKNIFTY 2022-11-03 41500.0 CE,SELL,1,208.6
2022-11-01 14:40:13,BANKNIFTY 2022-11-03 41500.0 PE,SELL,1,392.0
2022-11-01 14:40:13,BANKNIFTY 2022-11-03 41400.0 CE,BUY,1,252.45
2022-11-01 14:40:13,BANKNIFTY 2022-11-03 41400.0 PE,BUY,1,335.5
2022-11-01 14:40:15,BANKNIFTY 2022-11-03 41400.0 CE,SELL,1,254.7
2022-11-01 14:40:15,BANKNIFTY 2022-11-03 41400.0 PE,SELL,1,332.15
2022-11-01 14:40:15,BANKNIFTY 2022-11-03 41500.0 CE,BUY,1,208.6
2022-11-01 14:40:15,BANKNIFTY 2022-11-03 41500.0 PE,BUY,1,388.0
2022-11-01 14:40:54,NIFTY 2022-11-03 18150.0 CE,SELL,1,79.15
2022-11-01 14:40:54,NIFTY 2022-11-03 18150.0 PE,SELL,1,104.0
2022-11-01 14:40:54,NIFTY 2022-11-03 18200.0 CE,BUY,1,57.35
2022-11-01 14:40:54,NIFTY 2022-11-03 18200.0 PE,BUY,1,132.15
2022-11-01 14:41:09,NIFTY 2022-11-03 18200.0 CE,SELL,1,57.25
2022-11-01 14:41:09,NIFTY 2022-11-03 18200.0 PE,SELL,1,132.15
2022-11-01 14:41:09,NIFTY 2022-11-03 18150.0 CE,BUY,1,79.1
2022-11-01 14:41:09,NIFTY 2022-11-03 18150.0 PE,BUY,1,104.05
2022-11-01 14:41:10,NIFTY 2022-11-03 18150.0 CE,SELL,1,78.7
2022-11-01 14:41:10,NIFTY 2022-11-03 18150.0 PE,SELL,1,104.7
2022-11-01 14:41:10,NIFTY 2022-11-03 18200.0 CE,BUY,1,56.85
2022-11-01 14:41:10,NIFTY 2022-11-03 18200.0 PE,BUY,1,132.3
2022-11-01 14:48:42,BANKNIFTY 2022-11-03 41500.0 CE,SELL,1,245.3
2022-11-01 14:48:42,BANKNIFTY 2022-11-03 41500.0 PE,SELL,1,320.25
2022-11-01 14:48:42,BANKNIFTY 2022-11-03 41600.0 CE,BUY,1,201.3
2022-11-01 14:48:42,BANKNIFTY 2022-11-03 41600.0 PE,BUY,1,377.6
2022-11-01 14:49:42,BANKNIFTY 2022-11-03 41600.0 CE,SELL,1,196.75
2022-11-01 14:49:42,BANKNIFTY 2022-11-03 41600.0 PE,SELL,1,384.35
2022-11-01 14:49:42,BANKNIFTY 2022-11-03 41500.0 CE,BUY,1,240.25
2022-11-01 14:49:42,BANKNIFTY 2022-11-03 41500.0 PE,BUY,1,326.55
2022-11-01 14:49:45,BANKNIFTY 2022-11-03 41500.0 CE,SELL,1,242.3
2022-11-01 14:49:45,BANKNIFTY 2022-11-03 41500.0 PE,SELL,1,325.7
2022-11-01 14:49:45,BANKNIFTY 2022-11-03 41600.0 CE,BUY,1,197.8
2022-11-01 14:49:45,BANKNIFTY 2022-11-03 41600.0 PE,BUY,1,380.15
2022-11-01 14:49:51,BANKNIFTY 2022-11-03 41600.0 CE,SELL,1,199.15
2022-11-01 14:49:51,BANKNIFTY 2022-11-03 41600.0 PE,SELL,1,380.15
2022-11-01 14:49:51,BANKNIFTY 2022-11-03 41500.0 CE,BUY,1,241.75
2022-11-01 14:49:51,BANKNIFTY 2022-11-03 41500.0 PE,BUY,1,325.0
2022-11-01 14:49:53,BANKNIFTY 2022-11-03 41500.0 CE,SELL,1,243.0
2022-11-01 14:49:53,BANKNIFTY 2022-11-03 41500.0 PE,SELL,1,322.4
2022-11-01 14:49:53,BANKNIFTY 2022-11-03 41600.0 CE,BUY,1,199.55
2022-11-01 14:49:53,BANKNIFTY 2022-11-03 41600.0 PE,BUY,1,378.5
2022-11-01 14:50:19,BANKNIFTY 2022-11-03 41600.0 CE,SELL,1,198.25
2022-11-01 14:50:19,BANKNIFTY 2022-11-03 41600.0 PE,SELL,1,384.35
2022-11-01 14:50:19,BANKNIFTY 2022-11-03 41500.0 CE,BUY,1,241.35
2022-11-01 14:50:19,BANKNIFTY 2022-11-03 41500.0 PE,BUY,1,327.75
2022-11-01 14:50:25,BANKNIFTY 2022-11-03 41500.0 CE,SELL,1,241.8
2022-11-01 14:50:25,BANKNIFTY 2022-11-03 41500.0 PE,SELL,1,326.15
2022-11-01 14:50:25,BANKNIFTY 2022-11-03 41600.0 CE,BUY,1,199.8
2022-11-01 14:50:25,BANKNIFTY 2022-11-03 41600.0 PE,BUY,1,381.9
2022-11-01 14:51:04,BANKNIFTY 2022-11-03 41600.0 CE,SELL,1,193.5
2022-11-01 14:51:04,BANKNIFTY 2022-11-03 41600.0 PE,SELL,1,389.2
2022-11-01 14:51:04,BANKNIFTY 2022-11-03 41500.0 CE,BUY,1,235.75
2022-11-01 14:51:04,BANKNIFTY 2022-11-03 41500.0 PE,BUY,1,332.0
2022-11-01 14:56:22,BANKNIFTY 2022-11-03 41500.0 CE,SELL,1,200.6
2022-11-01 14:56:22,BANKNIFTY 2022-11-03 41500.0 PE,SELL,1,391.05
2022-11-01 14:56:22,BANKNIFTY 2022-11-03 41400.0 CE,BUY,1,244.8
2022-11-01 14:56:22,BANKNIFTY 2022-11-03 41400.0 PE,BUY,1,336.15
2022-11-01 14:57:11,NIFTY 2022-11-03 18200.0 CE,SELL,1,52.25
2022-11-01 14:57:11,NIFTY 2022-11-03 18200.0 PE,SELL,1,134.1
2022-11-01 14:57:11,NIFTY 2022-11-03 18150.0 CE,BUY,1,73.5
2022-11-01 14:57:11,NIFTY 2022-11-03 18150.0 PE,BUY,1,105.2
2022-11-01 14:57:32,BANKNIFTY 2022-11-03 41400.0 CE,SELL,1,195.1
2022-11-01 14:57:32,BANKNIFTY 2022-11-03 41400.0 PE,SELL,1,394.0
2022-11-01 14:57:32,BANKNIFTY 2022-11-03 41300.0 CE,BUY,1,243.95
2022-11-01 14:57:32,BANKNIFTY 2022-11-03 41300.0 PE,BUY,1,335.0
2022-11-01 14:57:33,BANKNIFTY 2022-11-03 41300.0 CE,SELL,1,252.9
2022-11-01 14:57:33,BANKNIFTY 2022-11-03 41300.0 PE,SELL,1,325.0
2022-11-01 14:57:33,BANKNIFTY 2022-11-03 41400.0 CE,BUY,1,207.75
2022-11-01 14:57:33,BANKNIFTY 2022-11-03 41400.0 PE,BUY,1,381.1
2022-11-01 14:58:00,NIFTY 2022-11-03 18150.0 CE,SELL,1,74.25
2022-11-01 14:58:00,NIFTY 2022-11-03 18150.0 PE,SELL,1,105.55
2022-11-01 14:58:00,NIFTY 2022-11-03 18200.0 CE,BUY,1,52.85
2022-11-01 14:58:00,NIFTY 2022-11-03 18200.0 PE,BUY,1,133.5
2022-11-01 14:58:01,NIFTY 2022-11-03 18200.0 CE,SELL,1,52.9
2022-11-01 14:58:01,NIFTY 2022-11-03 18200.0 PE,SELL,1,134.75
2022-11-01 14:58:01,NIFTY 2022-11-03 18150.0 CE,BUY,1,74.3
2022-11-01 14:58:01,NIFTY 2022-11-03 18150.0 PE,BUY,1,106.55
2022-11-01 14:58:02,NIFTY 2022-11-03 18150.0 CE,SELL,1,73.55
2022-11-01 14:58:02,NIFTY 2022-11-03 18150.0 PE,SELL,1,106.65
2022-11-01 14:58:02,NIFTY 2022-11-03 18200.0 CE,BUY,1,52.4
2022-11-01 14:58:02,NIFTY 2022-11-03 18200.0 PE,BUY,1,135.2
2022-11-01 14:58:04,NIFTY 2022-11-03 18200.0 CE,SELL,1,52.45
2022-11-01 14:58:04,NIFTY 2022-11-03 18200.0 PE,SELL,1,134.8
2022-11-01 14:58:04,NIFTY 2022-11-03 18150.0 CE,BUY,1,73.85
2022-11-01 14:58:04,NIFTY 2022-11-03 18150.0 PE,BUY,1,106.4
2022-11-01 14:58:05,NIFTY 2022-11-03 18150.0 CE,SELL,1,73.0
2022-11-01 14:58:05,NIFTY 2022-11-03 18150.0 PE,SELL,1,107.25
2022-11-01 14:58:05,NIFTY 2022-11-03 18200.0 CE,BUY,1,51.9
2022-11-01 14:58:05,NIFTY 2022-11-03 18200.0 PE,BUY,1,136.3
2022-11-01 14:58:06,NIFTY 2022-11-03 18200.0 CE,SELL,1,51.5
2022-11-01 14:58:06,NIFTY 2022-11-03 18200.0 PE,SELL,1,136.6
2022-11-01 14:58:06,NIFTY 2022-11-03 18150.0 CE,BUY,1,72.55
2022-11-01 14:58:06,NIFTY 2022-11-03 18150.0 PE,BUY,1,108.1
2022-11-01 14:59:30,NIFTY 2022-11-03 18150.0 CE,SELL,1,74.0
2022-11-01 14:59:30,NIFTY 2022-11-03 18150.0 PE,SELL,1,106.75
2022-11-01 14:59:30,NIFTY 2022-11-03 18200.0 CE,BUY,1,52.6
2022-11-01 14:59:30,NIFTY 2022-11-03 18200.0 PE,BUY,1,135.5
2022-11-01 15:00:16,NIFTY 2022-11-03 18200.0 CE,SELL,1,52.55
2022-11-01 15:00:16,NIFTY 2022-11-03 18200.0 PE,SELL,1,136.65
2022-11-01 15:00:16,NIFTY 2022-11-03 18150.0 CE,BUY,1,73.75
2022-11-01 15:00:16,NIFTY 2022-11-03 18150.0 PE,BUY,1,107.85
2022-11-01 15:00:17,NIFTY 2022-11-03 18150.0 CE,SELL,1,74.7
2022-11-01 15:00:17,NIFTY 2022-11-03 18150.0 PE,SELL,1,106.1
2022-11-01 15:00:17,NIFTY 2022-11-03 18200.0 CE,BUY,1,53.3
2022-11-01 15:00:17,NIFTY 2022-11-03 18200.0 PE,BUY,1,134.3
2022-11-01 15:01:33,BANKNIFTY 2022-11-03 41400.0 CE,SELL,1,243.9
2022-11-01 15:01:33,BANKNIFTY 2022-11-03 41400.0 PE,SELL,1,326.25
2022-11-01 15:01:33,BANKNIFTY 2022-11-03 41500.0 CE,BUY,1,200.1
2022-11-01 15:01:33,BANKNIFTY 2022-11-03 41500.0 PE,BUY,1,384.65
2022-11-01 15:03:23,BANKNIFTY 2022-11-03 41500.0 CE,SELL,1,201.1
2022-11-01 15:03:23,BANKNIFTY 2022-11-03 41500.0 PE,SELL,1,384.7
2022-11-01 15:03:23,BANKNIFTY 2022-11-03 41400.0 CE,BUY,1,246.25
2022-11-01 15:03:23,BANKNIFTY 2022-11-03 41400.0 PE,BUY,1,328.1
2022-11-01 15:03:28,BANKNIFTY 2022-11-03 41400.0 CE,SELL,1,246.05
2022-11-01 15:03:28,BANKNIFTY 2022-11-03 41400.0 PE,SELL,1,328.95
2022-11-01 15:03:28,BANKNIFTY 2022-11-03 41500.0 CE,BUY,1,201.7
2022-11-01 15:03:28,BANKNIFTY 2022-11-03 41500.0 PE,BUY,1,384.2
2022-11-01 15:03:32,BANKNIFTY 2022-11-03 41500.0 CE,SELL,1,200.7
2022-11-01 15:03:32,BANKNIFTY 2022-11-03 41500.0 PE,SELL,1,386.7
2022-11-01 15:03:32,BANKNIFTY 2022-11-03 41400.0 CE,BUY,1,245.5
2022-11-01 15:03:32,BANKNIFTY 2022-11-03 41400.0 PE,BUY,1,329.45
2022-11-01 15:03:35,BANKNIFTY 2022-11-03 41400.0 CE,SELL,1,248.7
2022-11-01 15:03:35,BANKNIFTY 2022-11-03 41400.0 PE,SELL,1,324.85
2022-11-01 15:03:35,BANKNIFTY 2022-11-03 41500.0 CE,BUY,1,203.9
2022-11-01 15:03:35,BANKNIFTY 2022-11-03 41500.0 PE,BUY,1,382.8
2022-11-01 15:04:23,BANKNIFTY 2022-11-03 41500.0 CE,SELL,1,200.65
2022-11-01 15:04:23,BANKNIFTY 2022-11-03 41500.0 PE,SELL,1,385.6
2022-11-01 15:04:23,BANKNIFTY 2022-11-03 41400.0 CE,BUY,1,245.5
2022-11-01 15:04:23,BANKNIFTY 2022-11-03 41400.0 PE,BUY,1,328.55
2022-11-01 15:04:24,BANKNIFTY 2022-11-03 41400.0 CE,SELL,1,247.5
2022-11-01 15:04:24,BANKNIFTY 2022-11-03 41400.0 PE,SELL,1,327.0
2022-11-01 15:04:24,BANKNIFTY 2022-11-03 41500.0 CE,BUY,1,200.65
2022-11-01 15:04:24,BANKNIFTY 2022-11-03 41500.0 PE,BUY,1,384.1
2022-11-01 15:04:39,BANKNIFTY 2022-11-03 41500.0 CE,SELL,1,202.05
2022-11-01 15:04:39,BANKNIFTY 2022-11-03 41500.0 PE,SELL,1,383.0
2022-11-01 15:04:39,BANKNIFTY 2022-11-03 41400.0 CE,BUY,1,248.1
2022-11-01 15:04:39,BANKNIFTY 2022-11-03 41400.0 PE,BUY,1,326.8
2022-11-01 15:04:41,BANKNIFTY 2022-11-03 41400.0 CE,SELL,1,247.35
2022-11-01 15:04:41,BANKNIFTY 2022-11-03 41400.0 PE,SELL,1,326.45
2022-11-01 15:04:41,BANKNIFTY 2022-11-03 41500.0 CE,BUY,1,202.4
2022-11-01 15:04:41,BANKNIFTY 2022-11-03 41500.0 PE,BUY,1,382.35
2022-11-01 15:04:54,BANKNIFTY 2022-11-03 41500.0 CE,SELL,1,201.25
2022-11-01 15:04:54,BANKNIFTY 2022-11-03 41500.0 PE,SELL,1,383.35
2022-11-01 15:04:54,BANKNIFTY 2022-11-03 41400.0 CE,BUY,1,246.7
2022-11-01 15:04:54,BANKNIFTY 2022-11-03 41400.0 PE,BUY,1,327.0
2022-11-01 15:04:56,BANKNIFTY 2022-11-03 41400.0 CE,SELL,1,247.35
2022-11-01 15:04:56,BANKNIFTY 2022-11-03 41400.0 PE,SELL,1,325.3
2022-11-01 15:04:56,BANKNIFTY 2022-11-03 41500.0 CE,BUY,1,202.1
2022-11-01 15:04:56,BANKNIFTY 2022-11-03 41500.0 PE,BUY,1,381.6
2022-11-01 15:05:15,BANKNIFTY 2022-11-03 41500.0 CE,SELL,1,203.3
2022-11-01 15:05:15,BANKNIFTY 2022-11-03 41500.0 PE,SELL,1,381.75
2022-11-01 15:05:15,BANKNIFTY 2022-11-03 41400.0 CE,BUY,1,248.4
2022-11-01 15:05:15,BANKNIFTY 2022-11-03 41400.0 PE,BUY,1,326.1
2022-11-01 15:05:16,BANKNIFTY 2022-11-03 41400.0 CE,SELL,1,249.3
2022-11-01 15:05:16,BANKNIFTY 2022-11-03 41400.0 PE,SELL,1,326.4
2022-11-01 15:05:16,BANKNIFTY 2022-11-03 41500.0 CE,BUY,1,203.0
2022-11-01 15:05:16,BANKNIFTY 2022-11-03 41500.0 PE,BUY,1,382.4
2022-11-01 15:06:12,BANKNIFTY 2022-11-03 41500.0 CE,SELL,1,199.9
2022-11-01 15:06:12,BANKNIFTY 2022-11-03 41500.0 PE,SELL,1,385.9
2022-11-01 15:06:12,BANKNIFTY 2022-11-03 41400.0 CE,BUY,1,243.95
2022-11-01 15:06:12,BANKNIFTY 2022-11-03 41400.0 PE,BUY,1,328.95
2022-11-01 15:07:25,BANKNIFTY 2022-11-03 41400.0 CE,SELL,1,246.0
2022-11-01 15:07:25,BANKNIFTY 2022-11-03 41400.0 PE,SELL,1,322.75
2022-11-01 15:07:25,BANKNIFTY 2022-11-03 41500.0 CE,BUY,1,201.4
2022-11-01 15:07:25,BANKNIFTY 2022-11-03 41500.0 PE,BUY,1,380.0
2022-11-01 15:07:30,BANKNIFTY 2022-11-03 41500.0 CE,SELL,1,200.0
2022-11-01 15:07:30,BANKNIFTY 2022-11-03 41500.0 PE,SELL,1,381.65
2022-11-01 15:07:30,BANKNIFTY 2022-11-03 41400.0 CE,BUY,1,244.55
2022-11-01 15:07:30,BANKNIFTY 2022-11-03 41400.0 PE,BUY,1,326.0
2022-11-01 15:07:35,BANKNIFTY 2022-11-03 41400.0 CE,SELL,1,243.65
2022-11-01 15:07:35,BANKNIFTY 2022-11-03 41400.0 PE,SELL,1,328.05
2022-11-01 15:07:35,BANKNIFTY 2022-11-03 41500.0 CE,BUY,1,198.85
2022-11-01 15:07:35,BANKNIFTY 2022-11-03 41500.0 PE,BUY,1,383.65
2022-11-01 15:07:36,BANKNIFTY 2022-11-03 41500.0 CE,SELL,1,199.2
2022-11-01 15:07:36,BANKNIFTY 2022-11-03 41500.0 PE,SELL,1,383.85
2022-11-01 15:07:36,BANKNIFTY 2022-11-03 41400.0 CE,BUY,1,243.6
2022-11-01 15:07:36,BANKNIFTY 2022-11-03 41400.0 PE,BUY,1,327.6
2022-11-01 15:07:41,BANKNIFTY 2022-11-03 41400.0 CE,SELL,1,246.15
2022-11-01 15:07:41,BANKNIFTY 2022-11-03 41400.0 PE,SELL,1,324.35
2022-11-01 15:07:41,BANKNIFTY 2022-11-03 41500.0 CE,BUY,1,200.75
2022-11-01 15:07:41,BANKNIFTY 2022-11-03 41500.0 PE,BUY,1,380.05
2022-11-01 15:07:54,BANKNIFTY 2022-11-03 41500.0 CE,SELL,1,198.85
2022-11-01 15:07:54,BANKNIFTY 2022-11-03 41500.0 PE,SELL,1,384.0
2022-11-01 15:07:54,BANKNIFTY 2022-11-03 41400.0 CE,BUY,1,243.0
2022-11-01 15:07:54,BANKNIFTY 2022-11-03 41400.0 PE,BUY,1,326.95
2022-11-01 15:08:07,BANKNIFTY 2022-11-03 41400.0 CE,SELL,1,247.1
2022-11-01 15:08:07,BANKNIFTY 2022-11-03 41400.0 PE,SELL,1,323.8
2022-11-01 15:08:07,BANKNIFTY 2022-11-03 41500.0 CE,BUY,1,201.0
2022-11-01 15:08:07,BANKNIFTY 2022-11-03 41500.0 PE,BUY,1,379.6
2022-11-01 15:08:08,BANKNIFTY 2022-11-03 41500.0 CE,SELL,1,200.35
2022-11-01 15:08:08,BANKNIFTY 2022-11-03 41500.0 PE,SELL,1,377.85
2022-11-01 15:08:08,BANKNIFTY 2022-11-03 41400.0 CE,BUY,1,245.15
2022-11-01 15:08:08,BANKNIFTY 2022-11-03 41400.0 PE,BUY,1,323.4
2022-11-01 15:08:10,BANKNIFTY 2022-11-03 41400.0 CE,SELL,1,249.45
2022-11-01 15:08:10,BANKNIFTY 2022-11-03 41400.0 PE,SELL,1,317.85
2022-11-01 15:08:10,BANKNIFTY 2022-11-03 41500.0 CE,BUY,1,204.0
2022-11-01 15:08:10,BANKNIFTY 2022-11-03 41500.0 PE,BUY,1,375.6
2022-11-01 15:08:23,BANKNIFTY 2022-11-03 41500.0 CE,SELL,1,199.75
2022-11-01 15:08:23,BANKNIFTY 2022-11-03 41500.0 PE,SELL,1,381.55
2022-11-01 15:08:23,BANKNIFTY 2022-11-03 41400.0 CE,BUY,1,244.75
2022-11-01 15:08:23,BANKNIFTY 2022-11-03 41400.0 PE,BUY,1,325.3
2022-11-01 15:08:25,BANKNIFTY 2022-11-03 41400.0 CE,SELL,1,245.6
2022-11-01 15:08:25,BANKNIFTY 2022-11-03 41400.0 PE,SELL,1,324.95
2022-11-01 15:08:25,BANKNIFTY 2022-11-03 41500.0 CE,BUY,1,200.5
2022-11-01 15:08:25,BANKNIFTY 2022-11-03 41500.0 PE,BUY,1,381.0
2022-11-01 15:08:26,BANKNIFTY 2022-11-03 41500.0 CE,SELL,1,201.3
2022-11-01 15:08:26,BANKNIFTY 2022-11-03 41500.0 PE,SELL,1,381.0
2022-11-01 15:08:26,BANKNIFTY 2022-11-03 41400.0 CE,BUY,1,246.0
2022-11-01 15:08:26,BANKNIFTY 2022-11-03 41400.0 PE,BUY,1,322.6
2022-11-01 15:08:28,BANKNIFTY 2022-11-03 41400.0 CE,SELL,1,246.95
2022-11-01 15:08:28,BANKNIFTY 2022-11-03 41400.0 PE,SELL,1,323.0
2022-11-01 15:08:28,BANKNIFTY 2022-11-03 41500.0 CE,BUY,1,200.75
2022-11-01 15:08:28,BANKNIFTY 2022-11-03 41500.0 PE,BUY,1,377.3
2022-11-01 15:25:44,BANKNIFTY 2022-11-03 41500.0 CE,SELL,1,193.5
2022-11-01 15:25:44,BANKNIFTY 2022-11-03 41500.0 PE,SELL,1,387.3
2022-11-01 15:25:44,BANKNIFTY 2022-11-03 41400.0 CE,BUY,1,237.9
2022-11-01 15:25:44,BANKNIFTY 2022-11-03 41400.0 PE,BUY,1,329.75
2022-11-01 15:25:51,BANKNIFTY 2022-11-03 41400.0 CE,SELL,1,240.85
2022-11-01 15:25:51,BANKNIFTY 2022-11-03 41400.0 PE,SELL,1,327.7
2022-11-01 15:25:51,BANKNIFTY 2022-11-03 41500.0 CE,BUY,1,197.8
2022-11-01 15:25:51,BANKNIFTY 2022-11-03 41500.0 PE,BUY,1,386.25
2022-11-01 15:25:52,BANKNIFTY 2022-11-03 41500.0 CE,SELL,1,197.8
2022-11-01 15:25:52,BANKNIFTY 2022-11-03 41500.0 PE,SELL,1,387.0
2022-11-01 15:25:52,BANKNIFTY 2022-11-03 41400.0 CE,BUY,1,240.25
2022-11-01 15:25:52,BANKNIFTY 2022-11-03 41400.0 PE,BUY,1,328.65
2022-11-01 15:25:54,BANKNIFTY 2022-11-03 41400.0 CE,SELL,1,242.1
2022-11-01 15:25:54,BANKNIFTY 2022-11-03 41400.0 PE,SELL,1,328.65
2022-11-01 15:25:54,BANKNIFTY 2022-11-03 41500.0 CE,BUY,1,198.4
2022-11-01 15:25:54,BANKNIFTY 2022-11-03 41500.0 PE,BUY,1,385.5
2022-11-01 15:25:56,BANKNIFTY 2022-11-03 41500.0 CE,SELL,1,199.55
2022-11-01 15:25:56,BANKNIFTY 2022-11-03 41500.0 PE,SELL,1,385.7
2022-11-01 15:25:56,BANKNIFTY 2022-11-03 41400.0 CE,BUY,1,241.45
2022-11-01 15:25:56,BANKNIFTY 2022-11-03 41400.0 PE,BUY,1,328.3
2022-11-01 15:25:59,BANKNIFTY 2022-11-03 41400.0 CE,SELL,1,241.6
2022-11-01 15:25:59,BANKNIFTY 2022-11-03 41400.0 PE,SELL,1,331.65
2022-11-01 15:25:59,BANKNIFTY 2022-11-03 41500.0 CE,BUY,1,198.05
2022-11-01 15:25:59,BANKNIFTY 2022-11-03 41500.0 PE,BUY,1,388.3
2022-11-01 15:26:04,BANKNIFTY 2022-11-03 41500.0 CE,SELL,1,200.0
2022-11-01 15:26:04,BANKNIFTY 2022-11-03 41500.0 PE,SELL,1,387.8
2022-11-01 15:26:04,BANKNIFTY 2022-11-03 41400.0 CE,BUY,1,243.6
2022-11-01 15:26:04,BANKNIFTY 2022-11-03 41400.0 PE,BUY,1,330.0
2022-11-01 15:26:06,BANKNIFTY 2022-11-03 41400.0 CE,SELL,1,245.0
2022-11-01 15:26:06,BANKNIFTY 2022-11-03 41400.0 PE,SELL,1,327.9
2022-11-01 15:26:06,BANKNIFTY 2022-11-03 41500.0 CE,BUY,1,201.4
2022-11-01 15:26:06,BANKNIFTY 2022-11-03 41500.0 PE,BUY,1,383.55
2022-11-01 15:27:53,NIFTY 2022-11-03 18200.0 CE,SELL,1,68.25
2022-11-01 15:27:53,NIFTY 2022-11-03 18200.0 PE,SELL,1,101.1
2022-11-01 15:27:53,NIFTY 2022-11-03 18250.0 CE,BUY,1,47.15
2022-11-01 15:27:53,NIFTY 2022-11-03 18250.0 PE,BUY,1,130.0
2022-11-01 15:27:54,NIFTY 2022-11-03 18250.0 CE,SELL,1,47.1
2022-11-01 15:27:54,NIFTY 2022-11-03 18250.0 PE,SELL,1,129.6
2022-11-01 15:27:54,NIFTY 2022-11-03 18200.0 CE,BUY,1,68.25
2022-11-01 15:27:54,NIFTY 2022-11-03 18200.0 PE,BUY,1,101.0
2022-11-01 15:27:59,NIFTY 2022-11-03 18200.0 CE,SELL,1,68.3
2022-11-01 15:27:59,NIFTY 2022-11-03 18200.0 PE,SELL,1,100.4
2022-11-01 15:27:59,NIFTY 2022-11-03 18250.0 CE,BUY,1,47.0
2022-11-01 15:27:59,NIFTY 2022-11-03 18250.0 PE,BUY,1,129.3
2022-11-01 15:28:00,NIFTY 2022-11-03 18250.0 CE,SELL,1,47.0
2022-11-01 15:28:00,NIFTY 2022-11-03 18250.0 PE,SELL,1,128.95
2022-11-01 15:28:00,NIFTY 2022-11-03 18200.0 CE,BUY,1,68.25
2022-11-01 15:28:00,NIFTY 2022-11-03 18200.0 PE,BUY,1,100.15
2022-11-01 15:30:00,BANKNIFTY 2022-11-03 41500.0 CE,SELL,1,197.0
2022-11-01 15:30:00,BANKNIFTY 2022-11-03 41500.0 PE,SELL,1,374.0
2022-11-01 15:30:00,NIFTY 2022-11-03 18200.0 CE,SELL,1,67.6
2022-11-01 15:30:00,NIFTY 2022-11-03 18200.0 PE,SELL,1,105.1
